family,stage_hint,behavior_stage,actual_offset_s,target_offset_s,rep,run,snap_name,snap_dir,pslist_count,pslist_unique_names,pslist_avg_threads,pslist_wow64_count,pslist_exited_count,pslist_ransom_procs,pslist_wannacry_procs,pslist_avg_children,pslist_max_children,pslist_parent_missing_count,psscan_count,hidden_process_count,cmdline_count,cmdline_with_args,cmdline_suspicious_count,cmdline_avg_length,cmdline_max_length,cmdline_unusual_dir_count,cmdline_script_tool_count,dlllist_total,dlllist_unique_dlls,dlllist_avg_per_process,dlllist_non_system,dlllist_avg_load_total_per_process,dlllist_max_load_total_per_process,dlllist_avg_max_loadcount_per_process,dlllist_unusual_path_pid_count,dlllist_unusual_path_hit_count,dlllist_crypto_pid_count,dlllist_crypto_hit_count,dlllist_crypto_dlls,ldrmodules_total,ldrmodules_not_in_load,ldrmodules_not_in_init,ldrmodules_not_in_mem,ldrmodules_hidden_count,ldrmodules_avg_per_process,ldrmodules_max_per_process,ldrmodules_suspicious_path_pid_count,ldrmodules_suspicious_path_hit_count,vad_total,vad_exec_count,vad_private_exec,vad_pid_count,vad_avg_regions_per_process,vad_max_regions_per_process,vad_avg_total_mem_per_process,vad_max_total_mem_per_process,vad_avg_max_region_size_per_process,vad_private_pid_count,vad_private_region_count,vad_rwx_pid_count,vad_rwx_region_count,malfind_count,malfind_mz_regions,malfind_rwx_region_count,malfind_private,malfind_private_exec,malfind_shellcode_regions,malfind_pid_count,malfind_avg_regions_per_process,malfind_max_regions_per_process,malfind_rwx_pid_count,handle_total,handle_avg_per_process,handle_file_count,handle_registry_count,handle_mutex_count,handle_process_count,handle_thread_count,handle_port_count,handle_event_count,handle_section_count,handle_semaphore_count,handle_timer_count,handle_desktop_count,handle_directory_count,handle_token_count,handle_file_ratio,handle_registry_ratio,handle_mutex_ratio,handle_encrypted_files,handle_wncryt_count,handle_eky_count,handle_fun_count,filescan_total,filescan_encrypted,filescan_ransom_notes,filescan_wncryt,filescan_fun,filescan_jigsaw_notes,priv_total_enabled,netstat_total,netstat_established,netstat_listening,netstat_unique_ips,netstat_outbound_count,netstat_smb_connections,netstat_established_ratio,netstat_outbound_ratio,vad_exec_ratio,vad_priv_exec_ratio,vad_rwx_ratio,vad_private_ratio,ldrmodules_suspicious_path_ratio,filescan_encrypted_ratio,cmdline_unusual_dir_ratio,dlllist_unusual_path_ratio,dlllist_crypto_ratio,malfind_rwx_ratio
Benign,0,0,78,5,1,1,Benign_T005_rep01_032406,/mnt/d/Patrick/VMSnapshots/Datasets/Benign_20260413_032217/T005_rep01,95,53,13.55,2,3,0,0,4.48,37,6,104,9,95,95,1,71.81,1037,5,0,3993,830,62.39,4452,349.98,1646.0,5.72,5,62,57,125,7,272,25,37,25,0,8.77,62,1,1,17393,5799,15,92,189.05,2485,0.0,0.0,0.0,91,7729,4,15,3,0,3,3,3,0,3,1.0,1,3,38964,512.68,1782,3127,707,878,1755,2085,10003,1190,1756,922,76,195,544,0.0457,0.0803,0.0181,0,0,0,0,5678,1,0,0,0,0,1131,40,0,28,1,10,0,0.0,0.25,0.3334,0.0009,0.0009,0.4444,0.0037,0.0002,0.0526,0.0155,0.0313,1.0
Benign,0,0,78,5,2,6,Benign_T005_rep02_034317,/mnt/d/Patrick/VMSnapshots/Datasets/Benign_20260413_032217/T005_rep02,112,58,13.39,1,3,0,0,4.62,38,6,114,2,112,112,3,144.64,1123,10,1,3123,661,30.32,3616,165.3,1634.0,4.14,3,46,47,126,7,536,79,113,79,0,9.93,191,1,1,21026,6506,20,109,192.9,3426,0.0,0.0,0.0,108,10037,4,15,16,0,0,5,5,0,10,1.6,4,0,39674,466.75,1975,2694,716,966,2082,1961,10844,1185,1963,902,74,207,399,0.0498,0.0679,0.018,0,0,0,0,5151,1,0,0,0,0,1227,44,4,28,2,14,0,0.0909,0.3182,0.3094,0.001,0.0007,0.4774,0.0019,0.0002,0.0893,0.0147,0.0403,0.0
Benign,0,0,78,5,3,11,Benign_T005_rep03_040139,/mnt/d/Patrick/VMSnapshots/Datasets/Benign_20260413_032217/T005_rep03,95,52,12.64,1,3,0,0,4.7,38,5,108,13,95,95,1,72.65,1037,5,0,4725,895,63.85,5124,353.11,1634.0,5.84,8,75,65,151,7,342,32,51,32,0,14.25,137,2,3,17296,5753,15,92,188.0,2360,0.0,0.0,0.0,91,7746,4,15,4,0,4,4,4,0,3,1.33,2,3,38955,505.91,1825,3299,777,879,1604,2030,10127,1219,1755,903,75,196,670,0.0468,0.0847,0.0199,0,0,0,0,5944,1,0,0,0,0,1132,40,0,28,1,10,0,0.0,0.25,0.3326,0.0009,0.0009,0.4478,0.0088,0.0002,0.0526,0.0159,0.032,1.0
Benign,0,0,78,5,4,16,Benign_T005_rep04_042022,/mnt/d/Patrick/VMSnapshots/Datasets/Benign_20260413_032217/T005_rep04,99,54,12.83,2,3,0,0,4.67,39,6,108,9,99,99,1,73.17,1037,5,0,4662,874,60.55,5179,337.71,1640.0,5.84,7,75,67,157,7,426,42,62,42,0,13.74,137,2,3,17935,6015,15,96,186.82,2400,0.0,0.0,0.0,95,7953,4,15,3,0,3,3,3,0,3,1.0,1,3,39864,492.15,1852,3295,771,906,1676,2106,10406,1227,1783,927,77,204,593,0.0465,0.0827,0.0193,0,0,0,0,6025,1,0,0,0,0,1149,40,0,28,1,10,0,0.0,0.25,0.3354,0.0008,0.0008,0.4434,0.007,0.0002,0.0505,0.0161,0.0337,1.0
Benign,0,0,78,5,5,21,Benign_T005_rep05_043912,/mnt/d/Patrick/VMSnapshots/Datasets/Benign_20260413_032217/T005_rep05,106,54,13.34,1,3,0,0,4.77,38,6,109,3,106,106,1,60.9,985,5,0,2788,614,48.07,3480,297.97,1634.0,5.38,5,44,49,118,7,178,36,53,36,0,6.14,39,0,0,20321,6254,18,103,197.29,3506,0.0,0.0,0.0,102,9864,4,15,12,0,0,3,3,0,9,1.33,4,0,36029,486.88,1811,2154,673,940,1898,1865,9864,994,1869,796,67,179,399,0.0503,0.0598,0.0187,0,0,0,0,4685,1,0,0,0,0,1179,44,4,28,2,14,0,0.0909,0.3182,0.3078,0.0009,0.0007,0.4854,0.0,0.0002,0.0472,0.0158,0.0423,0.0
Benign,0,0,78,10,1,2,Benign_T010_rep01_032752,/mnt/d/Patrick/VMSnapshots/Datasets/Benign_20260413_032217/T010_rep01,95,52,13.04,1,3,0,0,4.7,38,5,107,12,95,95,2,113.76,1123,8,0,4480,870,51.49,5050,291.15,1640.0,5.31,5,71,63,143,7,403,39,64,39,0,10.89,106,1,1,17433,5763,15,92,189.49,2344,0.0,0.0,0.0,91,7801,4,15,3,0,3,3,3,0,3,1.0,1,3,37867,498.25,1773,3034,649,876,1601,2022,10012,1130,1706,911,74,192,538,0.0468,0.0801,0.0171,0,0,0,0,5928,1,0,0,0,0,1112,40,0,28,1,10,0,0.0,0.25,0.3306,0.0009,0.0009,0.4475,0.0025,0.0002,0.0842,0.0158,0.0319,1.0
Benign,0,0,80,10,2,7,Benign_T010_rep02_034706,/mnt/d/Patrick/VMSnapshots/Datasets/Benign_20260413_032217/T010_rep02,110,55,13.7,1,3,0,0,4.74,38,5,112,2,110,110,1,60.28,985,5,0,2828,617,48.76,3427,292.14,1634.0,5.38,4,43,49,128,7,503,48,62,48,0,14.37,148,1,1,21395,6561,20,107,199.95,3685,0.0,0.0,0.0,106,10350,4,15,16,0,0,5,5,0,9,1.78,3,0,38468,486.94,1950,2569,731,960,2048,1935,10484,1138,1977,842,71,190,384,0.0507,0.0668,0.019,0,0,0,0,4785,0,0,0,0,0,1165,44,4,28,2,14,0,0.0909,0.3182,0.3067,0.0009,0.0007,0.4838,0.002,0.0,0.0455,0.0152,0.0453,0.0
Benign,0,0,78,10,3,12,Benign_T010_rep03_040516,/mnt/d/Patrick/VMSnapshots/Datasets/Benign_20260413_032217/T010_rep03,107,56,13.06,1,3,0,0,4.61,37,6,110,3,107,107,3,136.17,1123,9,1,2052,459,22.3,2340,111.52,1277.0,3.78,3,41,33,85,7,678,67,89,67,0,17.38,145,1,1,20037,6269,18,104,192.66,3065,0.0,0.0,0.0,103,9481,4,15,25,0,2,5,5,0,12,2.08,4,1,26627,459.09,1422,1243,494,802,1495,1502,7287,649,1574,582,49,142,306,0.0534,0.0467,0.0186,0,0,0,0,4569,0,0,0,0,0,1219,44,4,28,2,14,0,0.0909,0.3182,0.3129,0.0009,0.0007,0.4732,0.0015,0.0,0.0841,0.02,0.0414,0.08
Benign,0,0,78,10,4,17,Benign_T010_rep04_042410,/mnt/d/Patrick/VMSnapshots/Datasets/Benign_20260413_032217/T010_rep04,95,53,13.13,1,3,0,0,4.7,37,4,107,12,95,95,2,113.45,1123,8,0,4822,893,55.43,5206,302.07,1640.0,5.45,7,73,67,151,7,369,29,56,29,0,11.53,106,1,1,16997,5719,15,92,184.75,2292,0.0,0.0,0.0,91,7460,4,15,4,0,4,4,4,0,3,1.33,2,3,39498,499.97,1789,3314,684,877,1695,2083,10363,1244,1739,934,77,201,664,0.0453,0.0839,0.0173,0,0,0,0,5911,1,0,0,0,0,1131,40,0,28,1,10,0,0.0,0.25,0.3365,0.0009,0.0009,0.4389,0.0027,0.0002,0.0842,0.0151,0.0313,1.0
Benign,0,0,78,10,5,22,Benign_T010_rep05_044300,/mnt/d/Patrick/VMSnapshots/Datasets/Benign_20260413_032217/T010_rep05,97,54,12.76,1,3,0,0,4.57,37,5,107,10,97,97,2,74.35,1037,5,1,4857,886,63.08,5235,347.18,1640.0,5.84,8,75,67,155,7,364,25,43,25,0,14.0,106,1,1,17272,5838,15,94,183.74,2299,0.0,0.0,0.0,93,7557,4,15,4,0,4,4,4,0,3,1.33,2,3,39964,499.55,1827,3368,685,888,1677,2101,10422,1268,1772,936,78,199,663,0.0457,0.0843,0.0171,0,0,0,0,5961,1,0,0,0,0,1160,40,0,28,1,10,0,0.0,0.25,0.338,0.0009,0.0009,0.4375,0.0027,0.0002,0.0515,0.0154,0.0319,1.0
Benign,0,0,78,20,1,3,Benign_T020_rep01_033141,/mnt/d/Patrick/VMSnapshots/Datasets/Benign_20260413_032217/T020_rep01,94,52,12.64,2,3,0,0,4.43,38,6,106,12,94,94,2,113.72,1123,8,0,4696,903,54.6,5099,294.6,1634.0,5.37,7,73,64,148,7,151,12,33,12,0,5.39,63,1,1,17087,5656,15,91,187.77,2407,0.0,0.0,0.0,90,7698,4,15,4,0,4,4,4,0,3,1.33,2,3,38234,503.08,1778,3180,678,873,1604,2007,10013,1185,1728,901,74,196,667,0.0465,0.0832,0.0177,0,0,0,0,5977,1,0,0,0,0,1127,40,0,28,1,10,0,0.0,0.25,0.331,0.0009,0.0009,0.4505,0.0066,0.0002,0.0851,0.0155,0.0315,1.0
Benign,0,0,78,20,2,8,Benign_T020_rep02_035036,/mnt/d/Patrick/VMSnapshots/Datasets/Benign_20260413_032217/T020_rep02,110,57,13.29,1,3,0,0,4.54,37,6,114,4,110,110,3,143.31,1123,10,1,2359,594,24.32,2883,138.95,1634.0,2.91,4,42,34,81,7,161,63,89,63,0,4.6,42,1,1,20199,6404,20,107,188.78,3141,0.0,0.0,0.0,106,9445,4,15,11,0,1,6,6,0,8,1.38,3,1,34780,463.73,1804,2195,683,943,1874,1786,9423,1000,1866,757,65,182,282,0.0519,0.0631,0.0196,0,0,0,0,4724,0,0,0,0,0,1205,44,4,28,2,14,0,0.0909,0.3182,0.317,0.001,0.0007,0.4676,0.0062,0.0,0.0909,0.0178,0.0343,0.0909
Benign,0,0,78,20,3,13,Benign_T020_rep03_040901,/mnt/d/Patrick/VMSnapshots/Datasets/Benign_20260413_032217/T020_rep03,95,53,12.6,1,3,0,0,4.7,38,5,108,13,95,95,2,113.15,1123,8,0,4484,881,51.54,5020,288.76,1634.0,5.31,5,71,63,147,7,219,25,50,25,0,6.44,59,1,1,17711,5730,15,92,192.51,2527,0.0,0.0,0.0,91,8151,4,15,3,0,3,3,3,0,3,1.0,1,3,38074,488.13,1814,3081,677,877,1588,2008,10057,1130,1738,908,75,193,554,0.0476,0.0809,0.0178,0,0,0,0,5954,1,0,0,0,0,1132,40,0,28,1,10,0,0.0,0.25,0.3235,0.0008,0.0008,0.4602,0.0046,0.0002,0.0842,0.0158,0.0328,1.0
Benign,0,0,78,20,4,18,Benign_T020_rep04_042756,/mnt/d/Patrick/VMSnapshots/Datasets/Benign_20260413_032217/T020_rep04,94,52,12.53,2,3,0,0,4.43,37,6,108,14,94,94,2,87.43,1037,6,0,4662,886,63.0,5070,346.45,1634.0,5.76,8,76,64,149,7,161,10,29,10,0,6.19,62,1,1,17118,5705,15,91,188.11,2516,0.0,0.0,0.0,90,7664,4,15,4,0,4,4,4,0,3,1.33,2,3,38357,504.7,1782,3246,683,870,1579,2001,9979,1198,1752,899,74,195,639,0.0465,0.0846,0.0178,0,0,0,0,5904,1,0,0,0,0,1129,40,0,28,1,10,0,0.0,0.25,0.3333,0.0009,0.0009,0.4477,0.0062,0.0002,0.0638,0.0163,0.032,1.0
Benign,0,0,78,20,5,23,Benign_T020_rep05_044647,/mnt/d/Patrick/VMSnapshots/Datasets/Benign_20260413_032217/T020_rep05,96,53,12.55,2,3,0,0,4.52,38,6,107,11,96,96,1,76.17,1037,5,0,4887,906,62.65,5264,339.92,1634.0,5.85,8,75,68,161,7,313,22,41,22,0,12.04,63,1,1,17444,5826,15,93,187.57,2367,0.0,0.0,0.0,92,7790,4,15,4,0,4,4,4,0,3,1.33,2,3,39861,492.11,1868,3416,718,886,1634,2068,10357,1246,1785,933,78,204,674,0.0469,0.0857,0.018,0,0,0,0,6001,1,0,0,0,0,1137,40,0,28,1,10,0,0.0,0.25,0.334,0.0009,0.0009,0.4466,0.0032,0.0002,0.0521,0.0153,0.0329,1.0
Benign,0,0,78,45,1,4,Benign_T045_rep01_033532,/mnt/d/Patrick/VMSnapshots/Datasets/Benign_20260413_032217/T045_rep01,93,51,12.7,2,3,0,0,4.6,37,6,108,15,93,93,2,90.04,1037,6,0,4872,906,62.46,5273,342.41,1634.0,5.77,8,75,68,159,7,250,28,43,28,0,12.5,137,2,3,16961,5674,15,90,188.46,2422,0.0,0.0,0.0,89,7555,4,15,4,0,4,4,4,0,3,1.33,2,3,39658,495.73,1861,3387,769,864,1612,2043,10290,1231,1785,944,78,202,662,0.0469,0.0854,0.0194,0,0,0,0,5977,1,0,0,0,0,1105,40,0,28,1,10,0,0.0,0.25,0.3345,0.0009,0.0009,0.4454,0.012,0.0002,0.0645,0.0154,0.0326,1.0
Benign,0,0,78,45,2,9,Benign_T045_rep02_035415,/mnt/d/Patrick/VMSnapshots/Datasets/Benign_20260413_032217/T045_rep02,97,54,12.52,1,3,0,0,4.8,38,5,111,14,97,97,1,70.64,1037,5,0,4479,869,58.93,5032,335.63,1634.0,5.68,6,73,64,145,7,336,42,58,42,0,12.92,137,2,3,17956,5874,15,94,191.02,2389,0.0,0.0,0.0,93,8152,4,15,3,0,3,3,3,0,3,1.0,1,3,38463,493.12,1850,3167,797,890,1570,1998,10068,1131,1746,904,77,197,555,0.0481,0.0823,0.0207,0,0,0,0,5976,1,0,0,0,0,1180,40,0,28,1,10,0,0.0,0.25,0.3271,0.0008,0.0008,0.454,0.0089,0.0002,0.0515,0.0163,0.0324,1.0
Benign,0,0,78,45,3,14,Benign_T045_rep03_041245,/mnt/d/Patrick/VMSnapshots/Datasets/Benign_20260413_032217/T045_rep03,96,52,12.59,1,3,0,0,4.75,39,5,108,12,96,96,2,111.85,1123,8,0,4825,911,54.83,5229,299.33,1634.0,5.39,8,75,66,152,7,279,29,52,29,0,9.62,137,2,3,17488,5787,15,93,188.04,2465,0.0,0.0,0.0,92,7880,4,15,4,0,4,4,4,0,3,1.33,2,3,39137,501.76,1835,3307,797,885,1602,2045,10179,1220,1757,910,75,199,656,0.0469,0.0845,0.0204,0,0,0,0,5986,1,0,0,0,0,1137,40,0,28,1,10,0,0.0,0.25,0.3309,0.0009,0.0009,0.4506,0.0108,0.0002,0.0833,0.0155,0.0315,1.0
Benign,0,0,78,45,4,19,Benign_T045_rep04_043127,/mnt/d/Patrick/VMSnapshots/Datasets/Benign_20260413_032217/T045_rep04,96,55,12.33,2,3,0,0,4.32,37,6,107,11,96,96,3,112.41,1123,8,1,4703,895,53.44,5097,288.65,1634.0,5.39,7,73,65,149,7,140,14,37,14,0,5.0,41,1,1,16941,5654,15,93,182.16,2422,0.0,0.0,0.0,92,7532,4,15,4,0,4,4,4,0,3,1.33,2,3,38239,490.24,1771,3190,681,879,1572,1995,9988,1188,1730,907,75,201,661,0.0463,0.0834,0.0178,0,0,0,0,5948,1,0,0,0,0,1196,40,0,28,1,10,0,0.0,0.25,0.3337,0.0009,0.0009,0.4446,0.0071,0.0002,0.0833,0.0155,0.0317,1.0
Benign,0,0,78,45,5,24,Benign_T045_rep05_045023,/mnt/d/Patrick/VMSnapshots/Datasets/Benign_20260413_032217/T045_rep05,93,51,12.6,2,3,0,0,4.6,37,6,109,16,93,93,2,114.99,1123,8,0,4469,871,52.58,4922,288.71,1634.0,5.29,8,75,62,143,7,126,16,38,16,0,4.2,63,1,1,16968,5673,15,90,188.53,2449,0.0,0.0,0.0,89,7568,4,15,4,0,4,4,4,0,3,1.33,2,3,38133,508.44,1772,3214,679,864,1578,2002,9943,1193,1742,893,73,191,630,0.0465,0.0843,0.0178,0,0,0,0,5922,1,0,0,0,0,1105,40,0,28,1,10,0,0.0,0.25,0.3343,0.0009,0.0009,0.446,0.0079,0.0002,0.086,0.0168,0.032,1.0
Benign,0,0,90,90,1,5,Benign_T090_rep01_033940,/mnt/d/Patrick/VMSnapshots/Datasets/Benign_20260413_032217/T090_rep01,111,56,13.49,1,3,0,0,4.58,38,6,113,2,111,111,3,145.8,1123,10,1,3168,663,31.68,3611,172.28,1634.0,4.02,5,50,45,122,7,622,66,86,66,0,15.95,150,1,1,20953,6521,20,108,194.01,3588,0.0,0.0,0.0,107,10021,4,15,19,0,0,5,5,0,11,1.73,4,0,36283,490.31,1812,2440,734,964,1970,1862,9669,1077,1832,784,64,175,416,0.0499,0.0672,0.0202,0,0,0,0,5028,0,0,0,0,0,1191,44,4,28,2,14,0,0.0909,0.3182,0.3112,0.001,0.0007,0.4783,0.0016,0.0,0.0901,0.0158,0.0385,0.0
Benign,0,0,90,90,2,10,Benign_T090_rep02_035803,/mnt/d/Patrick/VMSnapshots/Datasets/Benign_20260413_032217/T090_rep02,96,54,12.49,2,3,0,0,4.32,37,6,107,11,96,96,3,112.85,1123,8,1,4754,894,54.02,5172,293.6,1634.0,5.39,8,75,65,148,7,201,17,41,17,0,6.7,68,1,1,17275,5740,15,93,185.75,2549,0.0,0.0,0.0,92,7739,4,15,4,0,4,4,4,0,3,1.33,2,3,38808,497.54,1809,3312,749,880,1608,2013,10067,1207,1761,904,75,200,640,0.0466,0.0853,0.0193,0,0,0,0,5928,1,0,0,0,0,1177,40,0,28,1,10,0,0.0,0.25,0.3323,0.0009,0.0009,0.448,0.005,0.0002,0.0833,0.0158,0.0311,1.0
Benign,0,0,90,90,3,15,Benign_T090_rep03_041639,/mnt/d/Patrick/VMSnapshots/Datasets/Benign_20260413_032217/T090_rep03,95,52,13.2,1,3,0,0,4.7,37,4,106,11,95,95,2,113.91,1123,8,0,5041,912,57.94,5438,317.59,1640.0,5.52,8,75,70,162,7,432,38,63,38,0,13.94,137,2,3,17387,5805,15,92,188.99,2482,0.0,0.0,0.0,91,7722,4,15,4,0,4,4,4,0,3,1.33,2,3,40901,498.79,1885,3473,770,878,1718,2118,10632,1283,1801,973,80,206,668,0.0461,0.0849,0.0188,0,0,0,0,5978,1,0,0,0,0,1112,40,0,28,1,10,0,0.0,0.25,0.3339,0.0009,0.0009,0.4441,0.0069,0.0002,0.0842,0.0149,0.0321,1.0
Benign,0,0,90,90,4,20,Benign_T090_rep04_043525,/mnt/d/Patrick/VMSnapshots/Datasets/Benign_20260413_032217/T090_rep04,94,53,12.56,2,3,0,0,4.43,37,6,109,15,94,94,1,73.46,1037,5,0,4562,884,63.36,4973,348.96,1634.0,5.83,7,73,64,147,7,122,16,32,16,0,5.3,41,1,1,16970,5620,15,91,186.48,2546,0.0,0.0,0.0,90,7624,4,15,4,0,4,4,4,0,3,1.33,2,3,38028,500.37,1756,3167,680,869,1581,1991,9959,1177,1724,899,74,196,652,0.0462,0.0833,0.0179,0,0,0,0,5872,1,0,0,0,0,1148,40,0,28,1,10,0,0.0,0.25,0.3312,0.0009,0.0009,0.4493,0.0082,0.0002,0.0532,0.016,0.0322,1.0
Benign,0,0,90,90,5,25,Benign_T090_rep05_045410,/mnt/d/Patrick/VMSnapshots/Datasets/Benign_20260413_032217/T090_rep05,113,59,13.31,1,3,0,0,4.67,38,6,115,2,113,113,1,54.96,430,4,0,1977,459,40.35,2283,221.98,1331.0,5.14,3,54,33,87,7,730,84,104,84,0,22.12,196,0,0,20966,6556,19,110,190.6,3320,0.0,0.0,0.0,109,9941,4,15,26,0,0,4,4,0,13,2.0,3,0,31453,449.33,1624,1282,612,922,1760,1680,8987,584,1730,643,60,165,339,0.0516,0.0408,0.0195,0,0,0,0,4193,0,0,0,0,0,1232,44,4,28,2,14,0,0.0909,0.3182,0.3127,0.0009,0.0007,0.4741,0.0,0.0,0.0354,0.0273,0.044,0.0
Cerber,1,1,5,5,1,1,Cerber_T005_rep01_045659,/mnt/d/Patrick/VMSnapshots/Datasets/Cerber_20260413_045623/T005_rep01,101,55,13.74,4,4,0,0,5.0,40,5,110,9,101,101,1,74.94,1037,5,0,5213,926,62.81,5604,336.93,1640.0,5.86,7,73,75,175,7,1068,66,101,66,0,25.43,108,2,3,17586,6024,25,97,181.3,2280,0.0,0.0,0.0,96,7672,5,20,11,3,9,11,11,0,6,1.83,5,4,42058,489.05,1905,3570,796,913,1803,2257,10992,1234,1860,985,85,213,701,0.0453,0.0849,0.0189,0,0,0,0,6012,1,0,0,0,0,1187,41,0,28,1,10,0,0.0,0.2439,0.3425,0.0014,0.0011,0.4363,0.0028,0.0002,0.0495,0.014,0.0336,0.8182
Cerber,1,1,5,5,2,6,Cerber_T005_rep02_051153,/mnt/d/Patrick/VMSnapshots/Datasets/Cerber_20260413_045623/T005_rep02,101,55,13.26,4,4,0,0,5.0,40,5,110,9,101,101,1,74.94,1037,5,0,5214,927,62.82,5604,336.93,1640.0,5.86,7,74,75,175,7,1068,66,101,66,0,25.43,108,2,3,17505,6023,24,97,180.46,2243,0.0,0.0,0.0,96,7586,5,20,12,3,9,12,12,0,6,2.0,5,4,42015,488.55,1906,3601,828,913,1731,2262,10928,1237,1860,986,85,213,699,0.0454,0.0857,0.0197,0,0,0,0,6002,1,0,0,0,0,1187,41,0,28,1,10,0,0.0,0.2439,0.3441,0.0014,0.0011,0.4334,0.0028,0.0002,0.0495,0.0142,0.0336,0.75
Cerber,1,1,5,5,3,11,Cerber_T005_rep03_052643,/mnt/d/Patrick/VMSnapshots/Datasets/Cerber_20260413_045623/T005_rep03,100,55,13.31,3,4,0,0,4.95,39,5,110,10,100,100,1,74.91,1037,5,0,5152,925,62.83,5541,340.93,1640.0,5.85,7,73,74,173,7,1000,60,94,60,0,24.39,107,2,3,17327,5961,24,96,180.49,2205,0.0,0.0,0.0,95,7506,5,20,10,3,9,10,10,0,5,2.0,5,4,41643,489.92,1892,3561,820,904,1732,2231,10836,1227,1848,975,84,209,693,0.0454,0.0855,0.0197,0,0,0,0,6001,1,0,0,0,0,1159,41,0,28,1,10,0,0.0,0.2439,0.344,0.0014,0.0012,0.4332,0.003,0.0002,0.05,0.0142,0.0336,0.9
Cerber,1,1,5,5,4,16,Cerber_T005_rep04_054105,/mnt/d/Patrick/VMSnapshots/Datasets/Cerber_20260413_045623/T005_rep04,100,55,13.27,3,4,0,0,4.95,39,5,108,8,100,100,1,74.91,1037,5,0,5152,925,62.83,5541,340.93,1640.0,5.85,7,73,74,173,7,1005,60,94,60,0,24.51,109,2,3,17391,5961,24,96,181.16,2275,0.0,0.0,0.0,95,7573,5,20,12,3,9,12,12,0,6,2.0,5,4,41614,489.58,1890,3564,804,904,1717,2231,10833,1226,1847,975,84,209,693,0.0454,0.0856,0.0193,0,0,0,0,5999,1,0,0,0,0,1159,41,0,28,1,10,0,0.0,0.2439,0.3428,0.0014,0.0012,0.4355,0.003,0.0002,0.05,0.0142,0.0336,0.75
Cerber,1,1,5,5,5,21,Cerber_T005_rep05_055542,/mnt/d/Patrick/VMSnapshots/Datasets/Cerber_20260413_045623/T005_rep05,101,55,13.23,4,4,0,0,5.0,40,5,111,10,101,101,1,74.94,1037,5,0,5213,926,62.81,5604,336.93,1640.0,5.86,7,73,75,175,7,1073,68,103,68,0,24.95,110,2,3,17509,6023,24,97,180.51,2249,0.0,0.0,0.0,96,7591,5,20,11,3,9,11,11,0,6,1.83,5,4,41998,488.35,1903,3594,812,913,1724,2261,10944,1237,1860,986,85,213,702,0.0453,0.0856,0.0193,0,0,0,0,6012,1,0,0,0,0,1187,41,0,28,1,10,0,0.0,0.2439,0.344,0.0014,0.0011,0.4335,0.0028,0.0002,0.0495,0.014,0.0336,0.8182
Cerber,1,2,10,10,1,2,Cerber_T010_rep01_045939,/mnt/d/Patrick/VMSnapshots/Datasets/Cerber_20260413_045623/T010_rep01,100,55,13.29,2,4,0,0,4.95,39,5,110,10,100,100,1,71.79,1037,5,0,4879,903,64.2,5256,350.62,1640.0,5.84,7,73,67,161,7,974,59,93,59,0,23.76,105,2,3,17422,5946,24,96,181.48,2308,0.0,0.0,0.0,95,7609,5,20,13,3,9,13,13,0,6,2.17,5,4,40387,504.84,1824,3494,810,901,1690,2185,10546,1219,1799,922,79,197,665,0.0452,0.0865,0.0201,0,0,0,0,6038,15,0,0,0,0,1136,41,0,28,1,10,0,0.0,0.2439,0.3413,0.0014,0.0011,0.4367,0.0031,0.0025,0.05,0.015,0.033,0.6923
Cerber,1,2,10,10,2,7,Cerber_T010_rep02_051423,/mnt/d/Patrick/VMSnapshots/Datasets/Cerber_20260413_045623/T010_rep02,102,55,13.23,4,4,0,0,5.05,40,5,109,7,102,102,1,72.15,1037,5,0,4984,905,63.9,5364,341.86,1640.0,5.85,7,73,69,165,7,1080,67,103,67,0,25.12,106,2,3,17710,6052,24,98,180.71,2340,0.0,0.0,0.0,97,7720,5,20,13,3,9,13,13,0,6,2.17,5,4,41062,500.76,1848,3543,854,919,1710,2230,10695,1235,1820,940,81,205,673,0.045,0.0863,0.0208,0,0,0,0,6037,15,0,0,0,0,1192,41,0,28,1,10,0,0.0,0.2439,0.3417,0.0014,0.0011,0.4359,0.0028,0.0025,0.049,0.0146,0.0331,0.6923
Cerber,1,2,10,10,3,12,Cerber_T010_rep03_052907,/mnt/d/Patrick/VMSnapshots/Datasets/Cerber_20260413_045623/T010_rep03,101,55,13.2,3,4,0,0,5.0,39,5,110,9,101,101,1,72.58,1037,5,0,4963,905,63.63,5347,344.83,1640.0,5.85,7,73,69,164,7,1016,61,96,61,0,24.19,106,2,3,17476,5990,24,97,180.16,2263,0.0,0.0,0.0,96,7590,5,20,13,3,9,13,13,0,6,2.17,5,4,40608,501.33,1829,3501,814,910,1696,2199,10580,1222,1809,937,80,201,684,0.045,0.0862,0.02,0,0,0,0,6089,15,0,0,0,0,1164,41,0,28,1,10,0,0.0,0.2439,0.3428,0.0014,0.0011,0.4343,0.003,0.0025,0.0495,0.0147,0.033,0.6923
Cerber,1,2,10,10,4,17,Cerber_T010_rep04_054335,/mnt/d/Patrick/VMSnapshots/Datasets/Cerber_20260413_045623/T010_rep04,102,55,13.22,4,4,0,0,4.81,40,5,106,4,102,102,2,97.38,2676,5,0,4996,906,64.05,5377,341.86,1640.0,5.85,7,73,69,165,7,1103,70,106,70,0,25.65,105,2,3,17650,6065,24,98,180.1,2270,0.0,0.0,0.0,97,7649,5,20,13,3,9,13,13,0,6,2.17,5,4,41111,501.35,1847,3548,819,919,1711,2236,10720,1234,1822,940,81,205,674,0.0449,0.0863,0.0199,0,0,0,0,6042,15,0,0,0,0,1192,41,0,28,1,10,0,0.0,0.2439,0.3436,0.0014,0.0011,0.4334,0.0027,0.0025,0.049,0.0146,0.033,0.6923
Cerber,1,2,10,10,5,22,Cerber_T010_rep05_055753,/mnt/d/Patrick/VMSnapshots/Datasets/Cerber_20260413_045623/T010_rep05,102,55,13.28,4,4,0,0,5.05,40,4,105,3,102,102,1,72.15,1037,5,0,4983,905,63.88,5364,341.86,1640.0,5.85,7,73,69,165,7,1080,67,103,67,0,25.12,103,2,3,17711,6052,24,98,180.72,2342,0.0,0.0,0.0,97,7722,5,20,13,3,9,13,13,0,6,2.17,5,4,41060,500.73,1848,3538,853,919,1716,2230,10685,1236,1819,939,81,205,673,0.045,0.0862,0.0208,0,0,0,0,6061,15,0,0,0,0,1192,41,0,28,1,10,0,0.0,0.2439,0.3417,0.0014,0.0011,0.436,0.0028,0.0025,0.049,0.0146,0.0331,0.6923
Cerber,2,2,20,20,1,3,Cerber_T020_rep01_050224,/mnt/d/Patrick/VMSnapshots/Datasets/Cerber_20260413_045623/T020_rep01,100,55,12.93,4,3,0,0,4.71,38,6,107,7,100,100,3,115.32,1123,9,1,4867,891,52.9,5255,278.91,1640.0,5.41,7,73,68,158,7,1045,60,101,60,0,21.77,103,2,3,17673,6028,15,97,182.2,2364,0.0,0.0,0.0,96,7703,4,15,4,0,4,4,4,0,3,1.33,2,3,41086,507.23,1842,3575,865,914,1683,2203,10742,1264,1804,937,81,204,660,0.0448,0.087,0.0211,0,0,0,0,6085,14,0,0,0,0,1175,40,0,28,1,10,0,0.0,0.25,0.3411,0.0008,0.0008,0.4359,0.0029,0.0023,0.09,0.015,0.0325,1.0
Cerber,2,2,20,20,2,8,Cerber_T020_rep02_051706,/mnt/d/Patrick/VMSnapshots/Datasets/Cerber_20260413_045623/T020_rep02,99,55,13.06,3,3,0,0,4.67,38,6,105,6,99,99,3,115.43,1123,9,1,4817,890,52.93,5200,281.22,1640.0,5.34,7,73,67,156,7,1017,64,104,64,0,20.76,102,2,3,17487,5984,15,96,182.16,2275,0.0,0.0,0.0,95,7589,4,15,4,0,4,4,4,0,3,1.33,2,3,40817,510.21,1834,3547,845,905,1694,2188,10682,1264,1795,928,80,200,662,0.0449,0.0869,0.0207,0,0,0,0,6103,14,0,0,0,0,1147,40,0,28,1,10,0,0.0,0.25,0.3422,0.0009,0.0009,0.434,0.0029,0.0023,0.0909,0.0152,0.0324,1.0
Cerber,2,2,20,20,3,13,Cerber_T020_rep03_053146,/mnt/d/Patrick/VMSnapshots/Datasets/Cerber_20260413_045623/T020_rep03,99,55,13.07,3,3,0,0,4.67,38,6,105,6,99,99,3,115.4,1123,9,1,4818,890,52.95,5200,281.22,1640.0,5.34,7,73,67,156,7,1016,62,101,62,0,21.62,102,2,3,17593,5984,15,96,183.26,2376,0.0,0.0,0.0,95,7692,4,15,4,0,4,4,4,0,3,1.33,2,3,40920,511.5,1836,3558,877,905,1691,2189,10723,1263,1796,930,80,200,661,0.0449,0.087,0.0214,0,0,0,0,6109,14,0,0,0,0,1147,40,0,28,1,10,0,0.0,0.25,0.3401,0.0009,0.0009,0.4372,0.003,0.0023,0.0909,0.0152,0.0324,1.0
Cerber,2,2,20,20,4,18,Cerber_T020_rep04_054603,/mnt/d/Patrick/VMSnapshots/Datasets/Cerber_20260413_045623/T020_rep04,100,56,13.05,3,4,0,0,4.71,38,6,107,7,100,100,3,114.26,1123,9,1,4818,890,52.95,5200,281.22,1640.0,5.34,7,73,67,156,7,1018,63,103,63,0,21.66,102,2,3,17560,5984,15,96,182.92,2353,0.0,0.0,0.0,95,7662,4,15,4,0,4,4,4,0,3,1.33,2,3,40849,510.61,1833,3543,845,905,1686,2191,10702,1265,1795,928,80,200,659,0.0449,0.0867,0.0207,0,0,0,0,6106,14,0,0,0,0,1149,40,0,28,1,10,0,0.0,0.25,0.3408,0.0009,0.0009,0.4363,0.0029,0.0023,0.09,0.0152,0.0324,1.0
Cerber,2,2,20,20,5,23,Cerber_T020_rep05_060048,/mnt/d/Patrick/VMSnapshots/Datasets/Cerber_20260413_045623/T020_rep05,99,55,13.12,3,3,0,0,4.67,38,6,108,9,99,99,3,115.39,1123,9,1,4824,890,53.01,5210,281.88,1640.0,5.41,7,73,67,156,7,1011,62,102,62,0,21.51,102,2,3,17555,5984,15,96,182.86,2338,0.0,0.0,0.0,95,7655,4,15,4,0,4,4,4,0,3,1.33,2,3,40840,510.5,1835,3537,861,905,1702,2187,10677,1262,1796,928,80,200,661,0.0449,0.0866,0.0211,0,0,0,0,6107,14,0,0,0,0,1147,40,0,28,1,10,0,0.0,0.25,0.3409,0.0009,0.0009,0.4361,0.003,0.0023,0.0909,0.0151,0.0323,1.0
Cerber,2,2,45,45,1,4,Cerber_T045_rep01_050531,/mnt/d/Patrick/VMSnapshots/Datasets/Cerber_20260413_045623/T045_rep01,96,54,12.81,3,3,0,0,4.52,38,6,107,11,96,96,3,116.59,1123,9,1,4667,888,53.03,5057,282.41,1640.0,5.32,7,73,65,149,7,413,40,68,40,0,9.6,84,1,1,17351,5812,15,93,186.57,2524,0.0,0.0,0.0,92,7713,4,15,4,0,4,4,4,0,3,1.33,2,3,39631,514.69,1802,3406,836,888,1643,2049,10433,1236,1758,913,77,194,658,0.0455,0.0859,0.0211,0,0,0,0,6083,14,0,0,0,0,1132,40,0,28,1,10,0,0.0,0.25,0.335,0.0009,0.0009,0.4445,0.0024,0.0023,0.0938,0.0156,0.0319,1.0
Cerber,2,2,45,45,2,9,Cerber_T045_rep02_052016,/mnt/d/Patrick/VMSnapshots/Datasets/Cerber_20260413_045623/T045_rep02,98,54,12.81,5,3,0,0,4.41,39,6,105,7,98,98,4,142.38,2676,9,1,4790,891,53.22,5178,276.33,1640.0,5.33,7,73,67,155,7,528,43,72,43,0,12.0,84,1,1,17501,5931,15,95,184.22,2402,0.0,0.0,0.0,94,7678,4,15,4,0,4,4,4,0,3,1.33,2,3,40273,509.78,1826,3444,845,906,1671,2101,10563,1251,1776,931,79,202,669,0.0453,0.0855,0.021,0,0,0,0,6082,14,0,0,0,0,1188,40,0,28,1,10,0,0.0,0.25,0.3389,0.0009,0.0009,0.4387,0.0019,0.0023,0.0918,0.0152,0.0324,1.0
Cerber,2,2,45,45,3,14,Cerber_T045_rep03_053451,/mnt/d/Patrick/VMSnapshots/Datasets/Cerber_20260413_045623/T045_rep03,97,55,12.73,3,3,0,0,4.57,38,6,105,8,97,97,3,116.76,1123,9,1,4715,890,52.98,5104,281.93,1640.0,5.33,7,73,66,153,7,382,35,63,35,0,8.88,84,1,1,17509,5859,15,94,186.27,2567,0.0,0.0,0.0,93,7785,4,15,4,0,4,4,4,0,3,1.33,2,3,39933,511.96,1817,3439,871,894,1668,2062,10467,1254,1766,919,78,196,658,0.0455,0.0861,0.0218,0,0,0,0,6094,14,0,0,0,0,1137,40,0,28,1,10,0,0.0,0.25,0.3346,0.0009,0.0009,0.4446,0.0026,0.0023,0.0928,0.0155,0.0324,1.0
Cerber,2,2,45,45,4,19,Cerber_T045_rep04_054915,/mnt/d/Patrick/VMSnapshots/Datasets/Cerber_20260413_045623/T045_rep04,96,54,12.86,3,3,0,0,4.52,38,6,107,11,96,96,3,116.64,1123,9,1,4673,888,53.1,5067,283.09,1640.0,5.39,7,73,65,149,7,407,36,63,36,0,9.69,84,1,1,17335,5812,15,93,186.4,2498,0.0,0.0,0.0,92,7695,4,15,4,0,4,4,4,0,3,1.33,2,3,39594,514.21,1802,3392,852,888,1652,2055,10402,1235,1757,913,77,194,655,0.0455,0.0857,0.0215,0,0,0,0,6060,14,0,0,0,0,1132,40,0,28,1,10,0,0.0,0.25,0.3353,0.0009,0.0009,0.4439,0.0025,0.0023,0.0938,0.0156,0.0319,1.0
Cerber,2,2,45,45,5,24,Cerber_T045_rep05_060359,/mnt/d/Patrick/VMSnapshots/Datasets/Cerber_20260413_045623/T045_rep05,96,54,12.81,3,3,0,0,4.52,38,6,105,9,96,96,3,116.62,1123,9,1,4683,892,53.22,5067,283.09,1640.0,5.39,7,73,65,151,7,410,40,66,40,0,9.11,84,1,1,17355,5812,15,93,186.61,2524,0.0,0.0,0.0,92,7714,4,15,4,0,4,4,4,0,3,1.33,2,3,39630,514.68,1805,3397,852,888,1639,2053,10429,1238,1756,912,77,194,657,0.0455,0.0857,0.0215,0,0,0,0,6099,14,0,0,0,0,1132,40,0,28,1,10,0,0.0,0.25,0.3349,0.0009,0.0009,0.4445,0.0024,0.0023,0.0938,0.0156,0.0322,1.0
Cerber,3,3,90,90,1,5,Cerber_T090_rep01_050921,/mnt/d/Patrick/VMSnapshots/Datasets/Cerber_20260413_045623/T090_rep01,96,55,12.55,3,3,0,0,4.52,37,6,104,8,96,96,3,117.48,1123,9,1,4421,844,50.24,4916,273.11,1640.0,5.32,5,71,63,145,7,49,11,32,11,0,1.75,5,1,1,17109,5730,15,93,183.97,2408,0.0,0.0,0.0,92,7576,4,15,3,0,3,3,3,0,3,1.0,1,3,37907,492.3,1752,3111,650,885,1598,1998,10086,1150,1722,894,76,189,557,0.0462,0.0821,0.0171,0,0,0,0,5970,14,0,0,0,0,1131,40,0,28,1,10,0,0.0,0.25,0.3349,0.0009,0.0009,0.4428,0.0204,0.0023,0.0938,0.0161,0.0328,1.0
Cerber,3,3,90,90,2,10,Cerber_T090_rep02_052413,/mnt/d/Patrick/VMSnapshots/Datasets/Cerber_20260413_045623/T090_rep02,96,55,12.68,3,3,0,0,4.52,37,6,105,9,96,96,3,117.45,1123,9,1,4425,841,50.28,4910,272.7,1640.0,5.32,6,72,63,147,7,31,9,20,9,0,1.72,4,1,1,17242,5730,15,93,185.4,2529,0.0,0.0,0.0,92,7709,4,15,3,0,3,3,3,0,3,1.0,1,3,38012,493.66,1752,3131,650,885,1619,1994,10105,1165,1722,894,76,189,587,0.0461,0.0824,0.0171,0,0,0,0,6037,14,0,0,0,0,1131,40,0,28,1,10,0,0.0,0.25,0.3323,0.0009,0.0009,0.4471,0.0323,0.0023,0.0938,0.0163,0.0332,1.0
Cerber,3,3,90,90,3,15,Cerber_T090_rep03_053848,/mnt/d/Patrick/VMSnapshots/Datasets/Cerber_20260413_045623/T090_rep03,95,54,12.64,3,3,0,0,4.48,37,6,107,12,95,95,3,117.36,1123,9,1,4415,842,50.75,4869,273.49,1640.0,5.31,6,72,62,141,7,34,9,20,9,0,1.7,4,1,1,17153,5683,15,92,186.45,2558,0.0,0.0,0.0,91,7702,4,15,3,0,3,3,3,0,3,1.0,1,3,38210,502.76,1758,3175,651,880,1608,1988,10134,1199,1721,900,75,187,634,0.046,0.0831,0.017,0,0,0,0,6011,14,0,0,0,0,1126,40,0,28,1,10,0,0.0,0.25,0.3313,0.0009,0.0009,0.449,0.0294,0.0023,0.0947,0.0163,0.0319,1.0
Cerber,3,3,90,90,4,20,Cerber_T090_rep04_055320,/mnt/d/Patrick/VMSnapshots/Datasets/Cerber_20260413_045623/T090_rep04,95,54,12.64,3,3,0,0,4.48,37,6,104,9,95,95,3,117.37,1123,9,1,4519,869,51.94,4928,277.24,1640.0,5.31,7,73,64,147,7,34,8,19,8,0,1.48,4,1,1,17065,5683,15,92,185.49,2468,0.0,0.0,0.0,91,7613,4,15,4,0,4,4,4,0,3,1.33,2,3,38480,506.32,1760,3216,655,880,1612,2001,10177,1202,1736,905,76,191,639,0.0457,0.0836,0.017,0,0,0,0,6034,14,0,0,0,0,1126,40,0,28,1,10,0,0.0,0.25,0.333,0.0009,0.0009,0.4461,0.0294,0.0023,0.0947,0.0162,0.0325,1.0
Cerber,3,3,90,90,5,25,Cerber_T090_rep05_060748,/mnt/d/Patrick/VMSnapshots/Datasets/Cerber_20260413_045623/T090_rep05,96,55,12.7,3,3,0,0,4.52,37,6,107,11,96,96,3,117.44,1123,9,1,4498,852,51.11,4972,276.61,1640.0,5.39,6,72,64,146,7,32,8,18,8,0,1.78,4,1,1,17209,5730,15,93,185.04,2493,0.0,0.0,0.0,92,7676,4,15,3,0,3,3,3,0,3,1.0,1,3,38037,493.99,1752,3137,650,885,1614,1983,10105,1161,1721,893,76,189,625,0.0461,0.0825,0.0171,0,0,0,0,6020,14,0,0,0,0,1131,40,0,28,1,10,0,0.0,0.25,0.333,0.0009,0.0009,0.446,0.0312,0.0023,0.0938,0.016,0.0325,1.0
Dharma,1,2,5,5,1,1,Dharma_T005_rep01_142150,/mnt/d/Patrick/VMSnapshots/Datasets/Dharma_20260413_142116/T005_rep01,106,59,13.11,3,7,1,0,4.77,41,5,114,8,106,106,1,69.04,1037,5,0,4925,913,62.34,5350,342.08,1634.0,5.85,7,73,70,159,7,1051,56,91,56,0,26.27,107,2,3,17536,6025,20,99,177.13,2205,0.0,0.0,0.0,98,7581,4,15,9,0,4,9,9,0,5,1.8,4,3,41063,494.73,1853,3508,853,923,1736,2226,10665,1228,1819,941,82,210,780,0.0451,0.0854,0.0208,0,0,0,0,6361,58,0,0,0,0,1273,40,0,28,1,10,0,0.0,0.25,0.3436,0.0011,0.0009,0.4323,0.0029,0.0091,0.0472,0.0148,0.0323,0.4444
Dharma,1,2,5,5,2,6,Dharma_T005_rep02_143606,/mnt/d/Patrick/VMSnapshots/Datasets/Dharma_20260413_142116/T005_rep02,106,59,13.08,3,7,1,0,4.77,41,5,113,7,106,106,1,69.04,1037,5,0,4905,911,62.09,5339,341.24,1634.0,5.85,7,73,70,159,7,1051,55,90,55,0,26.27,108,2,3,17557,6024,19,99,177.34,2232,0.0,0.0,0.0,98,7604,4,15,7,0,4,7,7,0,5,1.4,2,3,40984,493.78,1851,3513,836,923,1724,2225,10660,1225,1819,941,82,210,772,0.0452,0.0857,0.0204,0,0,0,0,6343,59,0,0,0,0,1273,40,0,28,1,10,0,0.0,0.25,0.3431,0.0011,0.0009,0.4331,0.0029,0.0093,0.0472,0.0149,0.0324,0.5714
Dharma,1,2,5,5,3,11,Dharma_T005_rep03_145048,/mnt/d/Patrick/VMSnapshots/Datasets/Dharma_20260413_142116/T005_rep03,107,59,13.11,4,7,1,0,4.61,42,5,112,5,107,107,2,91.85,2676,5,0,4785,893,60.57,5223,328.28,1634.0,5.85,7,73,70,157,7,1145,68,104,68,0,27.26,108,2,3,17725,6099,19,100,177.25,2230,0.0,0.0,0.0,99,7657,4,15,7,0,4,7,7,0,5,1.4,2,3,41518,494.26,1868,3548,858,932,1749,2262,10795,1239,1831,950,83,214,782,0.045,0.0855,0.0207,0,0,0,0,6338,59,0,0,0,0,1301,40,0,28,1,10,0,0.0,0.25,0.3441,0.0011,0.0008,0.432,0.0026,0.0093,0.0467,0.0153,0.0328,0.5714
Dharma,1,2,5,5,4,16,Dharma_T005_rep04_150542,/mnt/d/Patrick/VMSnapshots/Datasets/Dharma_20260413_142116/T005_rep04,108,59,13.16,5,7,1,0,4.65,42,5,111,3,108,108,2,93.26,2676,5,0,5024,913,62.02,5462,333.04,1634.0,5.85,7,73,72,163,7,1189,69,106,69,0,27.65,108,2,3,17756,6145,19,101,175.8,2144,0.0,0.0,0.0,100,7614,4,15,7,0,4,7,7,0,5,1.4,2,3,41846,492.31,1877,3590,862,941,1770,2278,10870,1242,1841,959,84,218,788,0.0449,0.0858,0.0206,0,0,0,0,6782,59,0,0,0,0,1329,40,0,28,1,10,0,0.0,0.25,0.3461,0.0011,0.0008,0.4288,0.0025,0.0087,0.0463,0.0145,0.0324,0.5714
Dharma,1,2,5,5,5,21,Dharma_T005_rep05_152027,/mnt/d/Patrick/VMSnapshots/Datasets/Dharma_20260413_142116/T005_rep05,106,59,13.02,3,7,1,0,4.77,41,5,111,5,106,106,1,69.04,1037,5,0,4906,911,62.1,5339,341.24,1634.0,5.85,7,73,70,159,7,1050,55,90,55,0,26.25,108,2,3,17553,6024,19,99,177.3,2236,0.0,0.0,0.0,98,7602,4,15,7,0,4,7,7,0,5,1.4,2,3,40940,493.25,1847,3506,821,923,1711,2224,10643,1225,1818,940,82,210,770,0.0451,0.0856,0.0201,0,0,0,0,6731,58,0,0,0,0,1273,40,0,28,1,10,0,0.0,0.25,0.3432,0.0011,0.0009,0.4331,0.0029,0.0086,0.0472,0.0149,0.0324,0.5714
Dharma,1,2,10,10,1,2,Dharma_T010_rep01_142411,/mnt/d/Patrick/VMSnapshots/Datasets/Dharma_20260413_142116/T010_rep01,107,61,13.1,3,7,1,0,4.61,41,5,110,3,107,107,1,60.38,1037,5,0,4353,843,56.53,4885,319.82,1634.0,5.69,5,71,66,148,7,1095,62,98,62,0,24.89,106,2,3,17576,6068,19,100,175.76,2151,0.0,0.0,0.0,99,7549,4,15,6,0,2,6,6,0,4,1.5,3,2,39175,483.64,1721,3323,816,906,1605,2157,10248,1082,1775,911,82,205,829,0.0439,0.0848,0.0208,5,0,0,0,6801,106,0,0,0,0,1270,40,0,28,1,10,0,0.0,0.25,0.3452,0.0011,0.0009,0.4295,0.0027,0.0156,0.0467,0.0163,0.034,0.3333
Dharma,1,2,10,10,2,7,Dharma_T010_rep02_143827,/mnt/d/Patrick/VMSnapshots/Datasets/Dharma_20260413_142116/T010_rep02,108,60,13.05,4,7,1,0,4.46,42,4,109,1,108,108,2,68.72,2676,4,0,3601,775,62.09,4126,355.03,1634.0,5.9,4,67,54,119,7,1125,67,103,67,0,26.16,104,2,3,17717,6104,19,101,175.42,2196,0.0,0.0,0.0,100,7634,4,15,6,0,2,6,6,0,4,1.5,3,2,38046,494.1,1684,3204,806,906,1575,2116,9960,1029,1717,895,75,201,821,0.0443,0.0842,0.0212,5,0,0,0,6151,233,0,0,0,0,1302,40,0,28,1,10,0,0.0,0.25,0.3445,0.0011,0.0008,0.4309,0.0027,0.0379,0.037,0.0186,0.033,0.3333
Dharma,1,2,10,10,3,12,Dharma_T010_rep03_145309,/mnt/d/Patrick/VMSnapshots/Datasets/Dharma_20260413_142116/T010_rep03,107,60,12.96,3,7,1,0,4.61,41,5,109,2,107,107,1,44.58,568,4,0,3538,772,61.0,4065,355.83,1634.0,5.79,4,67,53,117,7,1038,53,87,53,0,25.95,108,1,2,17579,6030,20,100,175.79,2232,0.0,0.0,0.0,99,7610,4,15,6,0,1,6,6,0,3,2.0,4,1,37609,494.86,1693,3171,817,897,1543,2079,9865,1017,1704,884,74,196,813,0.045,0.0843,0.0217,3,0,0,0,6043,216,0,0,0,0,1274,40,0,28,1,10,0,0.0,0.25,0.343,0.0011,0.0009,0.4329,0.0019,0.0357,0.0374,0.0189,0.0331,0.1667
Dharma,1,2,10,10,4,17,Dharma_T010_rep04_150813,/mnt/d/Patrick/VMSnapshots/Datasets/Dharma_20260413_142116/T010_rep04,107,60,13.19,3,7,1,0,4.61,41,5,109,2,107,107,1,45.22,568,4,0,3601,774,59.03,4134,343.51,1634.0,5.8,4,68,54,118,7,1076,56,92,56,0,25.62,108,2,3,17654,6049,19,100,176.54,2232,0.0,0.0,0.0,99,7646,4,15,7,0,3,7,7,0,5,1.4,3,3,37882,491.97,1671,3171,825,900,1575,2100,9957,1024,1707,893,75,197,813,0.0441,0.0837,0.0218,4,0,0,0,6299,231,0,0,0,0,1274,40,0,28,1,10,0,0.0,0.25,0.3426,0.0011,0.0008,0.4331,0.0028,0.0367,0.0374,0.0189,0.0328,0.4286
Dharma,1,2,10,10,5,22,Dharma_T010_rep05_152257,/mnt/d/Patrick/VMSnapshots/Datasets/Dharma_20260413_142116/T010_rep05,108,61,12.94,3,7,1,0,4.65,41,5,110,2,108,108,1,45.47,568,4,0,3603,776,60.05,4131,349.4,1634.0,5.8,4,68,55,119,7,1067,58,94,58,0,25.4,105,2,3,17579,6055,19,101,174.05,2157,0.0,0.0,0.0,100,7559,4,15,5,0,1,5,5,0,3,1.67,3,1,37767,490.48,1697,3185,809,904,1558,2089,9875,1029,1708,891,76,197,816,0.0449,0.0843,0.0214,4,0,0,0,6278,234,0,0,0,0,1275,40,0,28,1,10,0,0.0,0.25,0.3444,0.0011,0.0009,0.43,0.0028,0.0373,0.037,0.0189,0.033,0.2
Dharma,2,2,20,20,1,3,Dharma_T020_rep01_142646,/mnt/d/Patrick/VMSnapshots/Datasets/Dharma_20260413_142116/T020_rep01,105,58,12.79,3,6,1,0,4.52,40,5,107,2,105,105,1,35.7,320,3,0,2773,685,52.32,3305,316.3,1634.0,4.87,4,63,37,81,7,984,79,112,79,0,25.89,103,2,3,17428,6008,15,99,176.04,2161,0.0,0.0,0.0,98,7494,4,15,,,,,,,,,,,34721,526.08,1522,3037,746,873,1440,2013,8763,990,1565,801,66,178,798,0.0438,0.0875,0.0215,4,0,0,0,6387,911,0,0,0,0,1265,40,0,28,1,10,0,0.0,0.25,0.3447,0.0009,0.0009,0.43,0.003,0.1426,0.0286,0.0227,0.0292,0
Dharma,2,2,20,20,2,8,Dharma_T020_rep02_144106,/mnt/d/Patrick/VMSnapshots/Datasets/Dharma_20260413_142116/T020_rep02,105,58,12.9,3,6,1,0,4.52,40,5,108,3,105,105,1,41.08,568,4,0,3035,717,58.37,3495,342.56,1634.0,5.31,4,65,40,91,7,982,62,93,62,0,25.84,102,2,3,17382,6012,15,99,175.58,2098,0.0,0.0,0.0,98,7442,4,15,,,,,,,,,,,37416,512.55,1625,3245,776,896,1552,2065,9770,1055,1679,873,73,194,821,0.0434,0.0867,0.0207,2,0,0,0,5891,869,0,0,0,0,1265,40,0,28,1,10,0,0.0,0.25,0.3459,0.0009,0.0009,0.4281,0.0031,0.1475,0.0381,0.0214,0.03,0
Dharma,2,2,20,20,3,13,Dharma_T020_rep03_145546,/mnt/d/Patrick/VMSnapshots/Datasets/Dharma_20260413_142116/T020_rep03,108,61,13.13,3,7,1,0,4.65,41,5,110,2,108,108,1,29.34,320,3,0,2257,607,48.02,2576,269.19,1640.0,4.98,3,38,34,66,7,1139,241,275,241,0,24.76,98,2,2,17910,6096,19,101,177.33,2388,0.0,0.0,0.0,100,7820,4,15,4,0,0,4,4,0,2,2.0,3,0,34994,514.62,1529,2949,817,882,1469,2024,8952,987,1612,788,68,180,732,0.0437,0.0843,0.0233,4,0,0,0,5723,875,0,0,0,0,1275,40,0,28,1,10,0,0.0,0.25,0.3404,0.0011,0.0008,0.4366,0.0018,0.1529,0.0278,0.0168,0.0292,0.0
Dharma,2,2,20,20,4,18,Dharma_T020_rep04_151104,/mnt/d/Patrick/VMSnapshots/Datasets/Dharma_20260413_142116/T020_rep04,106,58,12.74,4,6,1,0,4.57,41,5,109,3,106,106,1,31.92,320,2,0,2106,551,43.88,2486,253.02,1451.0,4.75,1,31,31,61,7,1023,193,224,193,0,26.23,102,2,3,17703,6052,15,100,177.03,2330,0.0,0.0,0.0,99,7695,4,15,,,,,,,,,,,34306,519.79,1498,2875,775,878,1407,2004,8670,965,1559,793,66,179,790,0.0437,0.0838,0.0226,4,0,0,0,6450,907,0,0,0,0,1293,40,0,28,1,10,0,0.0,0.25,0.3419,0.0008,0.0008,0.4347,0.0029,0.1406,0.0189,0.0147,0.029,0
Dharma,2,2,20,20,5,23,Dharma_T020_rep05_152542,/mnt/d/Patrick/VMSnapshots/Datasets/Dharma_20260413_142116/T020_rep05,105,58,12.86,3,6,1,0,4.52,40,5,107,2,105,105,1,35.1,320,3,0,2582,659,50.63,3074,303.73,1634.0,4.94,3,46,35,75,7,984,98,129,98,0,25.89,102,2,3,17466,6014,15,99,176.42,2177,0.0,0.0,0.0,98,7515,4,15,,,,,,,,,,,35036,530.85,1541,3010,782,873,1462,2024,8882,992,1582,799,66,178,794,0.044,0.0859,0.0223,4,0,0,0,6059,884,0,0,0,0,1265,40,0,28,1,10,0,0.0,0.25,0.3443,0.0009,0.0009,0.4303,0.003,0.1459,0.0286,0.0178,0.029,0
Dharma,2,2,45,45,1,4,Dharma_T045_rep01_142944,/mnt/d/Patrick/VMSnapshots/Datasets/Dharma_20260413_142116/T045_rep01,108,59,12.82,2,9,1,0,4.46,41,5,108,0,108,108,3,43.69,568,7,2,3053,693,52.64,3657,21.29,1634.0,5.17,5,40,45,93,7,608,52,78,52,0,16.0,68,1,1,17739,6050,15,99,179.18,2281,0.0,0.0,0.0,98,7673,4,15,8,0,8,8,8,0,3,2.67,5,3,36535,507.43,1659,3155,861,910,1550,2005,9310,1106,1610,847,74,188,695,0.0454,0.0864,0.0236,0,0,0,0,6984,1597,0,0,0,0,1348,40,0,28,1,10,0,0.0,0.25,0.3411,0.0008,0.0008,0.4325,0.0016,0.2287,0.0648,0.0131,0.0305,1.0
Dharma,2,2,45,45,2,9,Dharma_T045_rep02_144426,/mnt/d/Patrick/VMSnapshots/Datasets/Dharma_20260413_142116/T045_rep02,109,58,12.71,4,9,1,0,4.32,41,5,110,1,109,109,4,67.84,2644,7,2,3222,725,55.55,3852,28.28,1634.0,5.48,4,58,48,95,7,696,62,90,62,0,16.57,68,1,1,17785,6121,15,100,177.85,2189,0.0,0.0,0.0,99,7629,4,15,8,0,8,8,8,0,2,4.0,7,2,39315,510.58,1711,3300,873,930,1616,2108,10357,1136,1724,918,78,202,812,0.0435,0.0839,0.0222,0,0,0,0,7005,1636,0,0,0,0,1399,40,0,28,1,10,0,0.0,0.25,0.3442,0.0008,0.0008,0.429,0.0014,0.2335,0.0642,0.018,0.0295,1.0
Dharma,2,2,45,45,3,14,Dharma_T045_rep03_145907,/mnt/d/Patrick/VMSnapshots/Datasets/Dharma_20260413_142116/T045_rep03,107,58,12.8,2,9,1,0,4.42,41,5,107,0,107,107,3,41.24,568,7,2,2957,685,54.76,3488,323.04,1634.0,5.33,5,40,40,86,7,586,48,74,48,0,16.28,68,1,1,17628,6003,15,98,179.88,2285,0.0,0.0,0.0,97,7651,4,15,8,0,8,8,8,0,3,2.67,6,3,36878,512.19,1660,3206,816,909,1552,2027,9439,1103,1632,872,74,189,753,0.045,0.0869,0.0221,0,0,0,0,7007,1638,0,0,0,0,1343,40,0,28,1,10,0,0.0,0.25,0.3405,0.0009,0.0009,0.434,0.0017,0.2338,0.0654,0.0135,0.0291,1.0
Dharma,2,2,45,45,4,19,Dharma_T045_rep04_151417,/mnt/d/Patrick/VMSnapshots/Datasets/Dharma_20260413_142116/T045_rep04,107,58,12.8,2,9,1,0,4.42,41,5,110,3,107,107,3,43.84,568,7,2,2936,698,54.37,3537,329.52,1634.0,5.11,5,36,41,84,7,610,49,76,49,0,16.05,68,0,0,17653,6006,15,98,180.13,2305,0.0,0.0,0.0,97,7665,4,15,10,0,10,10,10,0,3,3.33,7,3,36343,511.87,1655,3098,861,904,1535,1997,9317,1094,1622,846,73,184,680,0.0455,0.0852,0.0237,0,0,0,0,6994,1641,0,0,0,0,1343,40,0,28,1,10,0,0.0,0.25,0.3402,0.0008,0.0008,0.4342,0.0,0.2346,0.0654,0.0123,0.0286,1.0
Dharma,2,2,45,45,5,24,Dharma_T045_rep05_152853,/mnt/d/Patrick/VMSnapshots/Datasets/Dharma_20260413_142116/T045_rep05,107,58,12.9,2,9,1,0,4.42,41,5,107,0,107,107,3,43.46,568,7,2,3136,713,56.0,3668,330.04,1634.0,5.46,4,35,45,92,7,613,44,70,44,0,16.13,68,1,1,17566,6006,15,98,179.24,2214,0.0,0.0,0.0,97,7583,4,15,10,0,10,10,10,0,3,3.33,7,3,38270,517.16,1694,3349,894,913,1599,2067,9777,1139,1693,889,76,196,812,0.0443,0.0875,0.0234,0,0,0,0,7060,1647,0,0,0,0,1343,40,0,28,1,10,0,0.0,0.25,0.3419,0.0009,0.0009,0.4317,0.0016,0.2333,0.0654,0.0112,0.0293,1.0
Dharma,3,3,90,90,1,5,Dharma_T090_rep01_143345,/mnt/d/Patrick/VMSnapshots/Datasets/Dharma_20260413_142116/T090_rep01,107,58,12.37,3,9,1,0,4.42,40,5,108,1,107,107,4,105.47,1123,12,2,3178,671,35.71,3888,205.54,1634.0,4.38,5,46,51,102,7,253,17,35,17,0,6.66,45,1,1,17778,5911,15,98,181.41,2611,0.0,0.0,0.0,97,7933,4,15,1,0,1,1,1,0,1,1.0,1,1,36896,498.59,1698,2892,762,905,1606,2003,9550,1102,1693,897,76,191,481,0.046,0.0784,0.0207,0,0,0,0,6506,1441,0,0,0,0,1365,40,0,28,1,10,0,0.0,0.25,0.3325,0.0008,0.0008,0.4462,0.004,0.2215,0.1121,0.0145,0.0321,1.0
Dharma,3,3,90,90,2,10,Dharma_T090_rep02_144815,/mnt/d/Patrick/VMSnapshots/Datasets/Dharma_20260413_142116/T090_rep02,106,58,12.39,2,9,1,0,4.38,40,5,107,1,106,106,3,52.24,985,8,2,2965,639,52.02,3735,323.16,1634.0,5.37,5,45,47,94,7,190,12,24,12,0,6.33,42,0,0,17737,5870,15,97,182.86,2670,0.0,0.0,0.0,96,7959,4,15,1,0,1,1,1,0,1,1.0,1,1,36102,501.42,1669,2861,750,898,1594,1968,9526,1076,1657,862,71,176,425,0.0462,0.0792,0.0208,0,0,0,0,6462,1523,0,0,0,0,1337,40,0,28,1,10,0,0.0,0.25,0.3309,0.0008,0.0008,0.4487,0.0,0.2357,0.0755,0.0152,0.0317,1.0
Dharma,3,3,90,90,3,15,Dharma_T090_rep03_150305,/mnt/d/Patrick/VMSnapshots/Datasets/Dharma_20260413_142116/T090_rep03,106,58,12.51,2,9,1,0,4.38,40,5,107,1,106,106,4,105.5,1123,12,2,3196,673,35.91,3728,197.76,1634.0,4.52,5,58,51,97,7,191,19,37,19,0,5.62,36,1,1,17597,5867,15,97,181.41,2538,0.0,0.0,0.0,96,7836,4,15,,,,,,,,,,,36394,485.25,1689,2742,637,903,1623,1965,9876,1054,1643,866,73,183,397,0.0464,0.0753,0.0175,0,0,0,0,6337,1265,0,0,0,0,1337,40,0,28,1,10,0,0.0,0.25,0.3334,0.0009,0.0009,0.4453,0.0052,0.1996,0.1132,0.0181,0.0304,0
Dharma,3,3,90,90,4,20,Dharma_T090_rep04_151804,/mnt/d/Patrick/VMSnapshots/Datasets/Dharma_20260413_142116/T090_rep04,107,59,12.32,2,9,1,0,4.42,40,5,107,0,107,107,4,105.07,1123,12,2,3240,690,36.4,3909,210.36,1634.0,4.45,5,46,50,105,7,203,12,31,12,0,5.8,40,0,0,17767,5914,15,98,181.3,2591,0.0,0.0,0.0,97,7906,4,15,1,0,1,1,1,0,1,1.0,1,1,36849,497.96,1703,2838,778,912,1615,1973,9682,1133,1658,872,73,184,574,0.0462,0.077,0.0211,0,0,0,0,6265,1248,0,0,0,0,1342,40,0,28,1,10,0,0.0,0.25,0.3329,0.0008,0.0008,0.445,0.0,0.1992,0.1121,0.0142,0.0324,1.0
Dharma,3,2,90,90,5,25,Dharma_T090_rep05_153249,/mnt/d/Patrick/VMSnapshots/Datasets/Dharma_20260413_142116/T090_rep05,106,58,12.64,2,9,1,0,4.38,40,5,108,2,106,106,4,104.85,1123,12,2,3269,699,37.15,3914,213.65,1640.0,4.43,5,45,51,100,7,391,30,51,30,0,9.78,64,1,1,17780,5879,15,97,183.3,2645,0.0,0.0,0.0,96,7969,4,15,10,0,10,10,10,0,3,3.33,7,3,38326,511.01,1743,3306,870,906,1625,2054,9884,1177,1740,900,77,195,588,0.0455,0.0863,0.0227,0,0,0,0,6637,1347,0,0,0,0,1337,40,0,28,1,10,0,0.0,0.25,0.3307,0.0008,0.0008,0.4482,0.0026,0.203,0.1132,0.0138,0.0306,1.0
Jigsaw,1,2,5,5,1,1,Jigsaw_T005_rep01_160159,/mnt/d/Patrick/VMSnapshots/Datasets/Jigsaw_20260413_160122/T005_rep01,99,54,13.2,2,4,0,0,5.16,39,5,105,6,99,99,1,73.07,1037,5,0,4894,901,63.56,5293,349.58,1634.0,5.84,7,73,69,161,7,922,51,82,51,0,25.61,108,2,3,17259,5904,19,95,181.67,2274,0.0,0.0,0.0,94,7517,4,15,6,0,4,6,6,0,5,1.2,2,3,40394,498.69,1818,3448,780,897,1693,2191,10571,1209,1804,925,80,198,672,0.045,0.0854,0.0193,0,0,0,0,5884,1,0,0,0,0,1135,40,0,28,1,10,0,0.0,0.25,0.3421,0.0011,0.0009,0.4355,0.0033,0.0002,0.0505,0.0149,0.0329,0.6667
Jigsaw,1,2,5,5,2,6,Jigsaw_T005_rep02_161625,/mnt/d/Patrick/VMSnapshots/Datasets/Jigsaw_20260413_160122/T005_rep02,99,54,13.21,2,4,0,0,5.16,39,5,105,6,99,99,1,74.84,1037,5,0,5082,923,62.74,5487,344.88,1634.0,5.85,7,73,73,170,7,920,51,82,51,0,25.56,108,2,3,17302,5904,19,95,182.13,2313,0.0,0.0,0.0,94,7558,4,15,5,0,4,5,5,0,4,1.25,2,3,41352,492.29,1881,3548,817,897,1697,2214,10783,1223,1839,967,83,204,675,0.0455,0.0858,0.0198,0,0,0,0,5896,1,0,0,0,0,1135,40,0,28,1,10,0,0.0,0.25,0.3412,0.0011,0.0009,0.4368,0.0033,0.0002,0.0505,0.0144,0.0335,0.8
Jigsaw,1,2,5,5,3,11,Jigsaw_T005_rep03_164005,/mnt/d/Patrick/VMSnapshots/Datasets/Jigsaw_20260413_160122/T005_rep03,99,54,13.19,2,4,0,0,5.16,39,5,109,10,99,99,1,74.84,1037,5,0,5083,923,62.75,5487,344.88,1634.0,5.85,7,73,73,170,7,932,51,82,51,0,25.89,109,2,3,17241,5905,20,95,181.48,2257,0.0,0.0,0.0,94,7501,4,15,5,0,4,5,5,0,4,1.25,2,3,41342,492.17,1878,3549,801,897,1700,2213,10797,1222,1839,966,83,204,678,0.0454,0.0858,0.0194,0,0,0,0,5875,1,0,0,0,0,1135,40,0,28,1,10,0,0.0,0.25,0.3425,0.0012,0.0009,0.4351,0.0032,0.0002,0.0505,0.0144,0.0334,0.8
Jigsaw,1,2,5,5,4,16,Jigsaw_T005_rep04_165505,/mnt/d/Patrick/VMSnapshots/Datasets/Jigsaw_20260413_160122/T005_rep04,100,54,13.12,3,4,0,0,5.21,40,5,108,8,100,100,1,74.87,1037,5,0,5143,924,62.72,5550,340.78,1634.0,5.85,7,73,74,172,7,1004,57,89,57,0,27.14,108,2,3,17389,5967,20,96,181.14,2270,0.0,0.0,0.0,95,7553,4,15,5,0,4,5,5,0,4,1.25,2,3,41629,489.75,1889,3555,792,906,1702,2241,10879,1230,1851,976,84,208,680,0.0454,0.0854,0.019,0,0,0,0,5909,1,0,0,0,0,1163,40,0,28,1,10,0,0.0,0.25,0.3431,0.0012,0.0009,0.4344,0.003,0.0002,0.05,0.0142,0.0334,0.8
Jigsaw,1,2,5,5,5,21,Jigsaw_T005_rep05_170921,/mnt/d/Patrick/VMSnapshots/Datasets/Jigsaw_20260413_160122/T005_rep05,99,54,13.22,2,4,0,0,5.16,39,5,109,10,99,99,1,74.84,1037,5,0,5082,923,62.74,5487,344.88,1634.0,5.85,7,73,73,170,7,924,51,82,51,0,25.67,108,2,3,17198,5904,19,95,181.03,2211,0.0,0.0,0.0,94,7456,4,15,6,0,4,6,6,0,5,1.2,2,3,41362,492.4,1878,3552,801,897,1708,2214,10796,1222,1838,967,83,204,675,0.0454,0.0859,0.0194,0,0,0,0,5897,1,0,0,0,0,1135,40,0,28,1,10,0,0.0,0.25,0.3433,0.0011,0.0009,0.4335,0.0032,0.0002,0.0505,0.0144,0.0335,0.6667
Jigsaw,1,2,10,10,1,2,Jigsaw_T010_rep01_160442,/mnt/d/Patrick/VMSnapshots/Datasets/Jigsaw_20260413_160122/T010_rep01,99,54,13.18,2,4,0,0,5.16,39,5,109,10,99,99,1,74.84,1037,5,0,5082,923,62.74,5487,344.88,1634.0,5.85,7,73,73,170,7,904,50,81,50,0,25.11,105,2,3,17365,5904,19,95,182.79,2386,0.0,0.0,0.0,94,7627,4,15,8,0,4,8,8,0,5,1.6,3,3,41258,491.17,1876,3545,785,897,1701,2204,10772,1220,1838,967,83,204,675,0.0455,0.0859,0.019,0,0,0,0,5875,1,0,0,0,0,1135,40,0,28,1,10,0,0.0,0.25,0.34,0.0011,0.0009,0.4392,0.0033,0.0002,0.0505,0.0144,0.0335,0.5
Jigsaw,1,1,10,10,2,7,Jigsaw_T010_rep02_162715,/mnt/d/Patrick/VMSnapshots/Datasets/Jigsaw_20260413_160122/T010_rep02,92,49,12.38,1,3,0,0,4.55,38,6,108,16,92,92,1,69.42,1037,5,0,3607,772,53.84,4188,268.63,1610.0,5.28,5,69,54,116,7,168,32,46,32,0,5.79,54,1,1,16645,5569,14,89,187.02,2334,0.0,0.0,0.0,88,7384,3,14,8,0,8,8,8,0,2,4.0,7,2,34644,502.09,1692,2772,612,851,1438,1886,9005,1040,1598,807,69,175,638,0.0488,0.08,0.0177,0,0,0,0,4881,0,0,0,0,0,1090,44,0,30,1,11,0,0.0,0.25,0.3346,0.0008,0.0008,0.4436,0.006,0.0,0.0543,0.0191,0.0322,1.0
Jigsaw,1,2,10,10,3,12,Jigsaw_T010_rep03_164244,/mnt/d/Patrick/VMSnapshots/Datasets/Jigsaw_20260413_160122/T010_rep03,99,54,13.21,2,4,0,0,5.16,39,5,110,11,99,99,1,74.84,1037,5,0,5082,923,62.74,5487,344.88,1634.0,5.85,7,73,73,170,7,906,50,81,50,0,25.17,105,2,3,17372,5905,20,95,182.86,2386,0.0,0.0,0.0,94,7632,4,15,9,0,4,9,9,0,5,1.8,4,3,41359,492.37,1877,3555,801,897,1705,2207,10802,1222,1839,968,83,204,675,0.0454,0.086,0.0194,0,0,0,0,5894,1,0,0,0,0,1135,40,0,28,1,10,0,0.0,0.25,0.3399,0.0012,0.0009,0.4393,0.0033,0.0002,0.0505,0.0144,0.0335,0.4444
Jigsaw,1,2,10,10,4,17,Jigsaw_T010_rep04_165743,/mnt/d/Patrick/VMSnapshots/Datasets/Jigsaw_20260413_160122/T010_rep04,99,54,13.24,2,4,0,0,5.16,39,5,112,13,99,99,1,74.84,1037,5,0,5082,923,62.74,5487,344.88,1634.0,5.85,7,73,73,170,7,914,50,81,50,0,25.39,108,2,3,17297,5904,19,95,182.07,2306,0.0,0.0,0.0,94,7554,4,15,8,0,4,8,8,0,5,1.6,3,3,41377,492.58,1879,3549,817,897,1708,2207,10814,1223,1839,967,83,204,676,0.0454,0.0858,0.0197,0,0,0,0,5892,1,0,0,0,0,1135,40,0,28,1,10,0,0.0,0.25,0.3413,0.0011,0.0009,0.4367,0.0033,0.0002,0.0505,0.0144,0.0335,0.5
Jigsaw,1,2,10,10,5,22,Jigsaw_T010_rep05_171155,/mnt/d/Patrick/VMSnapshots/Datasets/Jigsaw_20260413_160122/T010_rep05,99,54,13.16,2,4,0,0,5.16,39,5,106,7,99,99,1,74.84,1037,5,0,5082,923,62.74,5487,344.88,1634.0,5.85,7,73,73,170,7,914,50,81,50,0,25.39,106,2,3,17367,5904,19,95,182.81,2390,0.0,0.0,0.0,94,7629,4,15,8,0,4,8,8,0,5,1.6,3,3,41226,490.79,1873,3515,785,897,1693,2204,10782,1220,1839,966,83,204,675,0.0454,0.0853,0.019,0,0,0,0,5891,1,0,0,0,0,1135,40,0,28,1,10,0,0.0,0.25,0.34,0.0011,0.0009,0.4393,0.0033,0.0002,0.0505,0.0144,0.0335,0.5
Jigsaw,2,2,20,20,1,3,Jigsaw_T020_rep01_160704,/mnt/d/Patrick/VMSnapshots/Datasets/Jigsaw_20260413_160122/T020_rep01,97,52,13.03,2,4,0,0,5.05,38,5,107,10,97,97,1,75.53,1037,5,0,5017,916,63.51,5422,349.65,1634.0,5.85,7,73,71,165,7,814,44,73,44,0,25.44,102,2,3,17293,5835,15,93,185.95,2501,0.0,0.0,0.0,92,7670,4,15,4,0,4,4,4,0,3,1.33,2,3,40803,497.6,1867,3519,814,884,1667,2164,10628,1218,1793,958,81,201,673,0.0458,0.0862,0.0199,0,0,0,0,5898,1,0,0,0,0,1127,40,0,28,1,10,0,0.0,0.25,0.3374,0.0009,0.0009,0.4435,0.0037,0.0002,0.0515,0.0146,0.0329,1.0
Jigsaw,2,2,20,20,2,8,Jigsaw_T020_rep02_163015,/mnt/d/Patrick/VMSnapshots/Datasets/Jigsaw_20260413_160122/T020_rep02,97,51,12.99,3,3,0,0,4.8,39,5,106,9,97,97,2,99.82,2676,5,0,4802,895,64.89,5229,354.51,1634.0,5.84,7,73,66,154,7,913,57,87,57,0,26.85,103,2,3,17363,5910,15,94,184.71,2413,0.0,0.0,0.0,93,7627,4,15,4,0,4,4,4,0,3,1.33,2,3,39887,511.37,1807,3410,778,893,1648,2165,10422,1200,1764,916,77,195,654,0.0453,0.0855,0.0195,0,0,0,0,5859,1,0,0,0,0,1153,40,0,28,1,10,0,0.0,0.25,0.3404,0.0009,0.0009,0.4393,0.0033,0.0002,0.0515,0.0152,0.0321,1.0
Jigsaw,2,2,20,20,3,13,Jigsaw_T020_rep03_164535,/mnt/d/Patrick/VMSnapshots/Datasets/Jigsaw_20260413_160122/T020_rep03,96,51,12.96,2,3,0,0,5.0,38,5,108,12,96,96,1,74.48,1037,5,0,4836,896,64.48,5228,354.73,1634.0,5.84,7,73,67,157,7,816,44,73,44,0,25.5,102,2,3,17202,5835,15,93,184.97,2415,0.0,0.0,0.0,92,7581,4,15,4,0,4,4,4,0,3,1.33,2,3,39748,503.14,1805,3407,777,884,1644,2142,10360,1204,1758,916,78,195,666,0.0454,0.0857,0.0195,0,0,0,0,5885,1,0,0,0,0,1125,40,0,28,1,10,0,0.0,0.25,0.3392,0.0009,0.0009,0.4407,0.0037,0.0002,0.0521,0.0151,0.0325,1.0
Jigsaw,2,2,20,20,4,18,Jigsaw_T020_rep04_170018,/mnt/d/Patrick/VMSnapshots/Datasets/Jigsaw_20260413_160122/T020_rep04,98,52,12.98,3,4,0,0,4.85,39,5,109,11,98,98,2,101.82,2676,5,0,5092,918,63.65,5498,345.39,1634.0,5.85,7,73,72,167,7,908,53,83,53,0,27.52,102,2,3,17401,5910,15,94,185.12,2450,0.0,0.0,0.0,93,7662,4,15,4,0,4,4,4,0,3,1.33,2,3,41209,496.49,1882,3543,819,893,1676,2202,10733,1229,1807,967,82,205,681,0.0457,0.086,0.0199,0,0,0,0,5922,1,0,0,0,0,1155,40,0,28,1,10,0,0.0,0.25,0.3396,0.0009,0.0009,0.4403,0.0033,0.0002,0.051,0.0143,0.0328,1.0
Jigsaw,2,2,20,20,5,23,Jigsaw_T020_rep05_171440,/mnt/d/Patrick/VMSnapshots/Datasets/Jigsaw_20260413_160122/T020_rep05,97,51,12.96,3,3,0,0,5.05,39,5,106,9,97,97,1,76.32,1037,5,0,5070,914,63.38,5485,345.39,1634.0,5.85,7,73,72,167,7,887,50,80,50,0,26.88,102,2,3,17410,5897,15,94,185.21,2479,0.0,0.0,0.0,93,7689,4,15,4,0,4,4,4,0,3,1.33,2,3,41166,495.98,1879,3550,822,893,1681,2194,10722,1228,1804,968,82,205,681,0.0456,0.0862,0.02,0,0,0,0,5915,1,0,0,0,0,1153,40,0,28,1,10,0,0.0,0.25,0.3387,0.0009,0.0009,0.4416,0.0034,0.0002,0.0515,0.0144,0.0329,1.0
Jigsaw,2,3,45,45,1,4,Jigsaw_T045_rep01_161001,/mnt/d/Patrick/VMSnapshots/Datasets/Jigsaw_20260413_160122/T045_rep01,92,50,12.9,1,3,0,0,4.79,38,5,104,12,92,92,1,76.01,1037,5,0,4804,910,64.05,5205,356.09,1634.0,5.84,7,73,67,155,7,171,9,21,9,0,6.84,36,1,1,16819,5619,15,89,188.98,2493,0.0,0.0,0.0,88,7518,4,15,4,0,4,4,4,0,3,1.33,2,3,39383,504.91,1829,3340,801,858,1635,2020,10335,1197,1746,933,77,191,666,0.0464,0.0848,0.0203,0,0,0,0,5878,1,0,0,0,0,1082,40,0,28,1,10,0,0.0,0.25,0.3341,0.0009,0.0009,0.447,0.0058,0.0002,0.0543,0.0152,0.0323,1.0
Jigsaw,2,3,45,45,2,9,Jigsaw_T045_rep02_163321,/mnt/d/Patrick/VMSnapshots/Datasets/Jigsaw_20260413_160122/T045_rep02,92,50,12.81,1,3,0,0,4.79,38,5,106,14,92,92,1,76.01,1037,5,0,4808,910,64.11,5205,356.09,1634.0,5.84,7,73,67,157,7,180,19,31,19,0,7.2,37,1,1,16847,5619,15,89,189.29,2535,0.0,0.0,0.0,88,7551,4,15,4,0,4,4,4,0,3,1.33,2,3,39243,503.12,1823,3319,769,858,1626,2019,10278,1195,1746,933,77,191,666,0.0465,0.0846,0.0196,0,0,0,0,5874,1,0,0,0,0,1082,40,0,28,1,10,0,0.0,0.25,0.3335,0.0009,0.0009,0.4482,0.0056,0.0002,0.0543,0.0152,0.0327,1.0
Jigsaw,2,3,45,45,3,14,Jigsaw_T045_rep03_164848,/mnt/d/Patrick/VMSnapshots/Datasets/Jigsaw_20260413_160122/T045_rep03,94,50,12.78,3,3,0,0,4.65,39,5,107,13,94,94,2,103.69,2676,5,0,4927,916,63.99,5326,347.08,1634.0,5.84,7,73,69,161,7,303,20,34,20,0,11.65,67,1,1,17114,5738,15,91,188.07,2531,0.0,0.0,0.0,90,7629,4,15,4,0,4,4,4,0,3,1.33,2,3,40002,500.02,1851,3382,810,876,1649,2068,10455,1213,1769,952,79,199,678,0.0463,0.0845,0.0202,0,0,0,0,5898,1,0,0,0,0,1138,40,0,28,1,10,0,0.0,0.25,0.3353,0.0009,0.0009,0.4458,0.0033,0.0002,0.0532,0.0148,0.0327,1.0
Jigsaw,2,3,45,45,4,19,Jigsaw_T045_rep04_170319,/mnt/d/Patrick/VMSnapshots/Datasets/Jigsaw_20260413_160122/T045_rep04,93,51,12.79,1,3,0,0,4.84,38,5,105,12,93,93,1,76.57,1037,5,0,4858,913,63.92,5252,354.57,1634.0,5.84,7,74,68,161,7,213,17,31,17,0,7.89,52,1,1,16983,5666,15,90,188.7,2558,0.0,0.0,0.0,89,7606,4,15,4,0,4,4,4,0,3,1.33,2,3,39632,501.67,1836,3379,772,864,1645,2029,10383,1212,1754,938,78,193,671,0.0463,0.0853,0.0195,0,0,0,0,5882,1,0,0,0,0,1087,40,0,28,1,10,0,0.0,0.25,0.3336,0.0009,0.0009,0.4479,0.0047,0.0002,0.0538,0.0152,0.0331,1.0
Jigsaw,2,3,45,45,5,24,Jigsaw_T045_rep05_171749,/mnt/d/Patrick/VMSnapshots/Datasets/Jigsaw_20260413_160122/T045_rep05,92,50,12.75,1,3,0,0,4.79,38,5,107,15,92,92,1,76.01,1037,5,0,4809,910,64.12,5205,356.09,1634.0,5.84,7,73,67,157,7,170,9,22,9,0,7.08,34,1,1,16754,5619,15,89,188.25,2448,0.0,0.0,0.0,88,7459,4,15,4,0,4,4,4,0,3,1.33,2,3,39260,503.33,1823,3313,769,858,1622,2019,10306,1195,1746,934,77,191,669,0.0464,0.0844,0.0196,0,0,0,0,5876,1,0,0,0,0,1082,40,0,28,1,10,0,0.0,0.25,0.3354,0.0009,0.0009,0.4452,0.0059,0.0002,0.0543,0.0152,0.0326,1.0
Jigsaw,3,3,90,90,1,5,Jigsaw_T090_rep01_161354,/mnt/d/Patrick/VMSnapshots/Datasets/Jigsaw_20260413_160122/T090_rep01,91,50,12.68,1,3,0,0,4.74,37,5,106,15,91,91,2,115.21,1123,8,0,4729,901,56.98,5128,313.52,1634.0,5.49,7,73,66,153,7,37,4,19,4,0,1.76,5,1,1,16536,5492,15,88,187.91,2435,0.0,0.0,0.0,87,7413,4,15,4,0,4,4,4,0,3,1.33,2,3,38418,498.94,1796,3221,665,850,1590,1985,10083,1183,1728,927,76,189,671,0.0467,0.0838,0.0173,0,0,0,0,5860,1,0,0,0,0,1076,40,0,28,1,10,0,0.0,0.25,0.3321,0.0009,0.0009,0.4483,0.027,0.0002,0.0879,0.0154,0.0324,1.0
Jigsaw,3,0,90,90,2,10,Jigsaw_T090_rep02_163730,/mnt/d/Patrick/VMSnapshots/Datasets/Jigsaw_20260413_160122/T090_rep02,,,,,,,,,,,0,0,,,,,,,,,,,,,,,,,,,,,,,,,,,,,,,,,,,,,,,,,,,,,,,,,,,,,,,,,,,,,,,,,,,,,,,,,,,,,,,,,,,,,,,,,0,0,0,0,0,0,0,0,0,0
Jigsaw,3,0,90,90,3,15,Jigsaw_T090_rep03_165242,/mnt/d/Patrick/VMSnapshots/Datasets/Jigsaw_20260413_160122/T090_rep03,,,,,,,,,,,0,0,,,,,,,,,,,,,,,,,,,,,,,,,,,,,,,,,,,,,,,,,,,,,,,,,,,,,,,,,,,,,,,,,,,,,,,,,,,,,,,,,,,,,,,,,0,0,0,0,0,0,0,0,0,0
Jigsaw,3,0,90,90,4,20,Jigsaw_T090_rep04_170659,/mnt/d/Patrick/VMSnapshots/Datasets/Jigsaw_20260413_160122/T090_rep04,,,,,,,,,,,0,0,,,,,,,,,,,,,,,,,,,,,,,,,,,,,,,,,,,,,,,,,,,,,,,,,,,,,,,,,,,,,,,,,,,,,,,,,,,,,,,,,,,,,,,,,0,0,0,0,0,0,0,0,0,0
Jigsaw,3,0,90,90,5,25,Jigsaw_T090_rep05_172145,/mnt/d/Patrick/VMSnapshots/Datasets/Jigsaw_20260413_160122/T090_rep05,,,,,,,,,,,0,0,,,,,,,,,,,,,,,,,,,,,,,,,,,,,,,,,,,,,,,,,,,,,,,,,,,,,,,,,,,,,,,,,,,,,,,,,,,,,,,,,,,,,,,,,0,0,0,0,0,0,0,0,0,0
WannaCry,1,3,5,5,1,1,WannaCry_T005_rep01_173453,/mnt/d/Patrick/VMSnapshots/Datasets/WannaCry_20260413_173411/T005_rep01,104,57,13.11,4,4,0,1,4.9,40,5,109,5,104,104,1,74.1,1037,6,0,4953,902,61.91,5391,336.34,1634.0,5.85,7,73,71,162,7,1113,58,94,58,0,26.5,109,2,3,17736,6075,19,100,177.36,2278,0.0,0.0,0.0,99,7684,4,15,7,0,4,7,7,0,5,1.4,2,3,41582,495.02,1845,3637,851,932,1728,2246,10913,1242,1845,959,84,209,663,0.0444,0.0875,0.0205,0,1,1,0,6119,34,19,33,0,0,1194,40,0,28,1,10,0,0.0,0.25,0.3425,0.0011,0.0008,0.4332,0.0027,0.0056,0.0577,0.0147,0.0327,0.5714
WannaCry,1,3,5,5,2,6,WannaCry_T005_rep02_175006,/mnt/d/Patrick/VMSnapshots/Datasets/WannaCry_20260413_173411/T005_rep02,103,57,13.18,3,4,0,1,4.86,39,5,114,11,103,103,1,74.06,1037,6,0,4894,903,61.95,5328,340.48,1634.0,5.85,7,73,70,160,7,1055,52,87,52,0,25.73,110,2,3,17515,6014,20,99,176.92,2183,0.0,0.0,0.0,98,7553,4,15,5,0,4,5,5,0,4,1.25,2,3,41379,498.54,1835,3617,875,923,1724,2218,10901,1235,1833,942,83,208,654,0.0443,0.0874,0.0211,0,0,1,0,6137,37,19,36,0,0,1166,40,0,28,1,10,0,0.0,0.25,0.3434,0.0011,0.0009,0.4312,0.0028,0.006,0.0583,0.0149,0.0327,0.8
WannaCry,1,3,5,5,3,11,WannaCry_T005_rep03_180450,/mnt/d/Patrick/VMSnapshots/Datasets/WannaCry_20260413_173411/T005_rep03,103,57,13.03,3,4,0,1,4.86,39,5,108,5,103,103,1,74.06,1037,6,0,4894,903,61.95,5328,340.48,1634.0,5.85,7,73,70,160,7,1046,52,87,52,0,25.51,109,2,3,17589,6013,19,99,177.67,2279,0.0,0.0,0.0,98,7632,4,15,4,0,3,4,4,0,4,1.0,1,3,41246,496.94,1832,3613,859,923,1711,2217,10827,1236,1830,943,83,208,655,0.0444,0.0876,0.0208,0,0,1,0,6169,37,19,36,0,0,1166,40,0,28,1,10,0,0.0,0.25,0.3419,0.0011,0.0009,0.4339,0.0029,0.006,0.0583,0.0149,0.0327,0.75
WannaCry,1,3,5,5,4,16,WannaCry_T005_rep04_181931,/mnt/d/Patrick/VMSnapshots/Datasets/WannaCry_20260413_173411/T005_rep04,102,55,13.27,4,4,0,1,4.81,40,5,106,4,102,102,2,96.94,2676,5,0,4914,902,63.0,5350,341.71,1634.0,5.85,7,73,69,160,7,1075,61,95,61,0,27.56,108,2,3,17611,6034,19,98,179.7,2266,0.0,0.0,0.0,97,7640,4,15,4,0,3,4,4,0,4,1.0,1,3,41134,501.63,1840,3592,843,919,1709,2230,10724,1227,1830,947,81,205,660,0.0447,0.0873,0.0205,0,0,1,0,6124,37,19,36,0,0,1192,40,0,28,1,10,0,0.0,0.25,0.3426,0.0011,0.0009,0.4338,0.0028,0.006,0.049,0.0149,0.0326,0.75
WannaCry,1,3,5,5,5,21,WannaCry_T005_rep05_183356,/mnt/d/Patrick/VMSnapshots/Datasets/WannaCry_20260413_173411/T005_rep05,103,57,13.15,3,4,0,1,4.86,39,5,111,8,103,103,1,74.06,1037,6,0,4895,903,61.96,5328,340.48,1634.0,5.85,7,73,70,160,7,1049,52,87,52,0,25.59,109,2,3,17591,6013,19,99,177.69,2262,0.0,0.0,0.0,98,7628,4,15,5,0,3,5,5,0,5,1.0,1,3,41315,497.77,1831,3611,859,923,1718,2218,10867,1235,1833,942,83,208,654,0.0443,0.0874,0.0208,0,0,1,0,6141,37,19,36,0,0,1166,40,0,28,1,10,0,0.0,0.25,0.3418,0.0011,0.0009,0.4336,0.0029,0.006,0.0583,0.0149,0.0327,0.6
WannaCry,1,2,10,10,1,2,WannaCry_T010_rep01_173742,/mnt/d/Patrick/VMSnapshots/Datasets/WannaCry_20260413_173411/T010_rep01,104,57,13.29,4,4,0,1,4.9,40,5,112,8,104,104,0,45.21,568,4,0,3669,782,63.26,4104,357.62,1640.0,5.69,4,55,52,121,7,1175,130,166,130,0,27.33,107,2,3,17678,6103,20,100,176.78,2162,0.0,0.0,0.0,99,7583,4,15,6,0,1,6,6,0,3,2.0,4,1,38639,501.81,1717,3324,842,905,1599,2136,10002,1085,1762,902,76,198,594,0.0444,0.086,0.0218,0,1,1,0,7100,539,20,538,0,0,1194,40,0,28,1,10,0,0.0,0.25,0.3452,0.0011,0.0008,0.429,0.0026,0.0759,0.0385,0.015,0.033,0.1667
WannaCry,1,2,10,10,2,7,WannaCry_T010_rep02_175311,/mnt/d/Patrick/VMSnapshots/Datasets/WannaCry_20260413_173411/T010_rep02,103,57,13.34,3,4,0,1,4.86,39,5,111,8,103,103,0,37.98,320,3,0,3155,731,59.53,3543,339.0,1640.0,5.21,5,65,41,99,7,1137,192,225,192,0,27.07,107,2,3,17628,6060,20,99,178.06,2212,0.0,0.0,0.0,98,7596,4,15,4,0,1,4,4,0,3,1.33,2,1,36253,533.13,1608,3080,869,873,1502,2052,9697,992,1684,816,66,174,473,0.0444,0.085,0.024,0,1,1,0,6888,585,20,584,0,0,1166,40,0,28,1,10,0,0.0,0.25,0.3438,0.0011,0.0009,0.4309,0.0026,0.0849,0.0291,0.0206,0.0314,0.25
WannaCry,1,2,10,10,3,12,WannaCry_T010_rep03_180716,/mnt/d/Patrick/VMSnapshots/Datasets/WannaCry_20260413_173411/T010_rep03,104,57,13.28,4,4,0,1,4.68,40,5,107,3,104,104,2,65.89,2676,3,0,3376,744,61.38,3763,338.85,1640.0,5.35,4,65,45,107,7,1217,207,241,207,0,28.3,106,2,3,17750,6134,19,100,177.5,2175,0.0,0.0,0.0,99,7606,4,15,4,0,1,4,4,0,3,1.33,2,1,38659,508.67,1710,3337,868,905,1607,2137,10198,1089,1773,874,74,192,600,0.0442,0.0863,0.0225,0,1,1,0,7300,781,20,779,0,0,1194,40,0,28,1,10,0,0.0,0.25,0.3456,0.0011,0.0008,0.4285,0.0025,0.107,0.0288,0.0193,0.0317,0.25
WannaCry,1,2,10,10,4,17,WannaCry_T010_rep04_182210,/mnt/d/Patrick/VMSnapshots/Datasets/WannaCry_20260413_173411/T010_rep04,103,57,13.3,3,4,0,1,4.86,39,5,106,3,103,103,1,40.83,320,3,0,3361,736,58.96,3734,332.25,1640.0,5.16,4,65,44,109,7,1124,115,152,115,0,26.76,105,2,3,17617,6059,19,99,177.95,2205,0.0,0.0,0.0,98,7587,4,15,4,0,1,4,4,0,3,1.33,2,1,35401,528.37,1589,3042,828,873,1474,2029,9090,996,1665,810,64,170,563,0.0449,0.0859,0.0234,0,1,1,0,7305,810,20,808,0,0,1166,40,0,28,1,10,0,0.0,0.25,0.3439,0.0011,0.0009,0.4307,0.0027,0.1109,0.0291,0.0193,0.0324,0.25
WannaCry,1,2,10,10,5,22,WannaCry_T010_rep05_183645,/mnt/d/Patrick/VMSnapshots/Datasets/WannaCry_20260413_173411/T010_rep05,103,57,13.38,3,4,0,1,4.86,39,5,106,3,103,103,1,38.5,320,3,0,2855,679,52.87,3192,296.19,1640.0,5.11,4,47,41,93,7,1142,127,162,127,0,27.19,107,2,3,17680,6060,20,99,178.59,2260,0.0,0.0,0.0,98,7650,4,15,4,0,1,4,4,0,3,1.33,2,1,35714,533.04,1596,3042,847,873,1497,2035,9305,985,1650,807,65,172,559,0.0447,0.0852,0.0237,0,1,1,0,6981,671,20,669,0,0,1166,40,0,28,1,10,0,0.0,0.25,0.3428,0.0011,0.0008,0.4327,0.0026,0.0961,0.0291,0.0165,0.0326,0.25
WannaCry,2,1,20,20,1,3,WannaCry_T020_rep01_174027,/mnt/d/Patrick/VMSnapshots/Datasets/WannaCry_20260413_173411/T020_rep01,101,55,13.12,4,3,0,2,4.35,38,6,105,4,101,101,1,37.08,320,3,0,2712,659,52.15,3237,314.17,1640.0,4.73,4,53,37,83,7,1100,122,156,122,0,27.5,102,2,3,17602,6035,15,98,179.61,2261,0.0,0.0,0.0,97,7609,4,15,,,,,,,,,,,36990,528.43,1696,3291,880,894,1542,2037,9370,1058,1674,841,71,195,644,0.0459,0.089,0.0238,0,1,1,0,4366,2,0,2,0,0,1176,41,0,28,2,11,0,0.0,0.2683,0.3429,0.0009,0.0009,0.4323,0.0027,0.0005,0.0297,0.0195,0.0306,0
WannaCry,2,1,20,20,2,8,WannaCry_T020_rep02_175548,/mnt/d/Patrick/VMSnapshots/Datasets/WannaCry_20260413_173411/T020_rep02,102,55,12.96,6,3,0,2,4.21,39,6,108,6,102,102,2,61.16,2676,3,0,2684,642,51.62,3179,295.35,1640.0,4.62,4,47,37,82,7,1183,216,249,216,0,28.85,102,2,3,17700,6115,15,99,178.79,2216,0.0,0.0,0.0,98,7599,4,15,,,,,,,,,,,36752,525.03,1632,3268,850,871,1474,2066,9417,1027,1660,841,70,198,544,0.0444,0.0889,0.0231,0,1,1,0,4390,2,0,2,0,0,1227,41,0,28,2,11,0,0.0,0.2683,0.3455,0.0008,0.0008,0.4293,0.0025,0.0005,0.0294,0.0175,0.0306,0
WannaCry,2,0,20,20,3,13,WannaCry_T020_rep03_181007,/mnt/d/Patrick/VMSnapshots/Datasets/WannaCry_20260413_173411/T020_rep03,,,,,,,,,,,0,0,,,,,,,,,,,,,,,,,,,,,,,,,,,,,,,,,,,,,,,,,,,,,,,,,,,,,,,,,,,,,,,,,,,,,,,,,,,,,,,,,,,,,,,,,0,0,0,0,0,0,0,0,0,0
WannaCry,2,0,20,20,4,18,WannaCry_T020_rep04_182444,/mnt/d/Patrick/VMSnapshots/Datasets/WannaCry_20260413_173411/T020_rep04,,,,,,,,,,,0,0,,,,,,,,,,,,,,,,,,,,,,,,,,,,,,,,,,,,,,,,,,,,,,,,,,,,,,,,,,,,,,,,,,,,,,,,,,,,,,,,,,,,,,,,,0,0,0,0,0,0,0,0,0,0
WannaCry,2,0,20,20,5,23,WannaCry_T020_rep05_183937,/mnt/d/Patrick/VMSnapshots/Datasets/WannaCry_20260413_173411/T020_rep05,,,,,,,,,,,0,0,,,,,,,,,,,,,,,,,,,,,,,,,,,,,,,,,,,,,,,,,,,,,,,,,,,,,,,,,,,,,,,,,,,,,,,,,,,,,,,,,,,,,,,,,0,0,0,0,0,0,0,0,0,0
WannaCry,2,0,45,45,1,4,WannaCry_T045_rep01_174345,/mnt/d/Patrick/VMSnapshots/Datasets/WannaCry_20260413_173411/T045_rep01,,,,,,,,,,,0,0,,,,,,,,,,,,,,,,,,,,,,,,,,,,,,,,,,,,,,,,,,,,,,,,,,,,,,,,,,,,,,,,,,,,,,,,,,,,,,,,,,,,,,,,,0,0,0,0,0,0,0,0,0,0
WannaCry,2,0,45,45,2,9,WannaCry_T045_rep02_175851,/mnt/d/Patrick/VMSnapshots/Datasets/WannaCry_20260413_173411/T045_rep02,,,,,,,,,,,0,0,,,,,,,,,,,,,,,,,,,,,,,,,,,,,,,,,,,,,,,,,,,,,,,,,,,,,,,,,,,,,,,,,,,,,,,,,,,,,,,,,,,,,,,,,0,0,0,0,0,0,0,0,0,0
WannaCry,2,0,45,45,3,14,WannaCry_T045_rep03_181326,/mnt/d/Patrick/VMSnapshots/Datasets/WannaCry_20260413_173411/T045_rep03,,,,,,,,,,,0,0,,,,,,,,,,,,,,,,,,,,,,,,,,,,,,,,,,,,,,,,,,,,,,,,,,,,,,,,,,,,,,,,,,,,,,,,,,,,,,,,,,,,,,,,,0,0,0,0,0,0,0,0,0,0
WannaCry,2,0,45,45,4,19,WannaCry_T045_rep04_182752,/mnt/d/Patrick/VMSnapshots/Datasets/WannaCry_20260413_173411/T045_rep04,,,,,,,,,,,0,0,,,,,,,,,,,,,,,,,,,,,,,,,,,,,,,,,,,,,,,,,,,,,,,,,,,,,,,,,,,,,,,,,,,,,,,,,,,,,,,,,,,,,,,,,0,0,0,0,0,0,0,0,0,0
WannaCry,2,0,45,45,5,24,WannaCry_T045_rep05_184257,/mnt/d/Patrick/VMSnapshots/Datasets/WannaCry_20260413_173411/T045_rep05,,,,,,,,,,,0,0,,,,,,,,,,,,,,,,,,,,,,,,,,,,,,,,,,,,,,,,,,,,,,,,,,,,,,,,,,,,,,,,,,,,,,,,,,,,,,,,,,,,,,,,,0,0,0,0,0,0,0,0,0,0
WannaCry,3,0,90,90,1,5,WannaCry_T090_rep01_174736,/mnt/d/Patrick/VMSnapshots/Datasets/WannaCry_20260413_173411/T090_rep01,,,,,,,,,,,0,0,,,,,,,,,,,,,,,,,,,,,,,,,,,,,,,,,,,,,,,,,,,,,,,,,,,,,,,,,,,,,,,,,,,,,,,,,,,,,,,,,,,,,,,,,0,0,0,0,0,0,0,0,0,0
WannaCry,3,0,90,90,2,10,WannaCry_T090_rep02_180238,/mnt/d/Patrick/VMSnapshots/Datasets/WannaCry_20260413_173411/T090_rep02,,,,,,,,,,,0,0,,,,,,,,,,,,,,,,,,,,,,,,,,,,,,,,,,,,,,,,,,,,,,,,,,,,,,,,,,,,,,,,,,,,,,,,,,,,,,,,,,,,,,,,,0,0,0,0,0,0,0,0,0,0
WannaCry,3,0,90,90,3,15,WannaCry_T090_rep03_181710,/mnt/d/Patrick/VMSnapshots/Datasets/WannaCry_20260413_173411/T090_rep03,,,,,,,,,,,0,0,,,,,,,,,,,,,,,,,,,,,,,,,,,,,,,,,,,,,,,,,,,,,,,,,,,,,,,,,,,,,,,,,,,,,,,,,,,,,,,,,,,,,,,,,0,0,0,0,0,0,0,0,0,0
WannaCry,3,0,90,90,4,20,WannaCry_T090_rep04_183135,/mnt/d/Patrick/VMSnapshots/Datasets/WannaCry_20260413_173411/T090_rep04,,,,,,,,,,,0,0,,,,,,,,,,,,,,,,,,,,,,,,,,,,,,,,,,,,,,,,,,,,,,,,,,,,,,,,,,,,,,,,,,,,,,,,,,,,,,,,,,,,,,,,,0,0,0,0,0,0,0,0,0,0
WannaCry,3,0,90,90,5,25,WannaCry_T090_rep05_184700,/mnt/d/Patrick/VMSnapshots/Datasets/WannaCry_20260413_173411/T090_rep05,,,,,,,,,,,0,0,,,,,,,,,,,,,,,,,,,,,,,,,,,,,,,,,,,,,,,,,,,,,,,,,,,,,,,,,,,,,,,,,,,,,,,,,,,,,,,,,,,,,,,,,0,0,0,0,0,0,0,0,0,0
